id_pdv;id_sku;fecha_min;fecha_max;anio_semana_min;anio_semana_max;count_nonzero;sum_cantidad;fecha;anio_semana;cantidad;cantidad_neta;cantidad_bruta;venta;venta_neta;venta_bruta;volumen_neto;volumen_bruto;precio
323606;116;30/09/2021;01/10/2021;202139;202139;1;18;30/09/2021;202139;18;18;18;799.56;799.56;799.56;4.500;4.500;44.42
323606;116;30/09/2021;01/10/2021;202139;202139;1;18;01/10/2021;202139;0;0;0;0.00;0.00;0.00;0.000;0.000;0.00
323606;294;30/09/2021;08/10/2021;202139;202140;3;148;30/09/2021;202139;46;46;46;2023.54;2023.54;2023.54;23.000;23.000;43.99
323606;294;30/09/2021;08/10/2021;202139;202140;3;148;01/10/2021;202139;0;0;0;0.00;0.00;0.00;0.000;0.000;0.00
323606;384;30/09/2021;12/10/2021;202139;202141;4;118;30/09/2021;202139;16;16;16;911.68;911.68;911.68;7.200;7.200;56.98
323606;384;30/09/2021;12/10/2021;202139;202141;4;118;01/10/2021;202139;0;0;0;0.00;0.00;0.00;0.000;0.000;0.00
323606;542;30/09/2021;11/04/2022;202139;202215;49;1659;30/09/2021;202139;23;23;23;1496.84;1496.84;1496.84;5.750;5.750;65.08
323606;542;30/09/2021;11/04/2022;202139;202215;49;1659;01/10/2021;202139;0;0;0;0.00;0.00;0.00;0.000;0.000;0.00
323606;975;30/09/2021;08/10/2021;202139;202140;2;33;30/09/2021;202139;13;13;13;331.50;331.50;331.50;3.458;3.458;25.50
323606;975;30/09/2021;08/10/2021;202139;202140;2;33;01/10/2021;202139;0;0;0;0.00;0.00;0.00;0.000;0.000;0.00
323606;2741;30/09/2021;15/10/2021;202139;202141;3;41;30/09/2021;202139;9;9;9;414.81;414.81;414.81;2.250;2.250;46.09
323606;2741;30/09/2021;15/10/2021;202139;202141;3;41;01/10/2021;202139;0;0;0;0.00;0.00;0.00;0.000;0.000;0.00
323606;2749;30/09/2021;29/10/2021;202139;202143;8;250;30/09/2021;202139;39;39;39;1788.54;1788.54;1788.54;19.500;19.500;45.86
323606;2749;30/09/2021;29/10/2021;202139;202143;8;250;01/10/2021;202139;0;0;0;0.00;0.00;0.00;0.000;0.000;0.00
323606;4464;30/09/2021;09/10/2021;202139;202140;1;7;30/09/2021;202139;7;7;7;426.79;426.79;426.79;3.024;3.024;60.97
323606;4464;30/09/2021;09/10/2021;202139;202140;1;7;01/10/2021;202139;0;0;0;0.00;0.00;0.00;0.000;0.000;0.00
612296;116;01/10/2021;01/10/2021;202139;202139;1;2;01/10/2021;202139;2;2;2;96.60;96.60;96.60;0.500;0.500;48.30
612312;294;01/10/2021;08/10/2021;202139;202140;2;6;01/10/2021;202139;3;3;3;150.30;150.30;150.30;1.500;1.500;50.10
612458;116;30/09/2021;30/09/2021;202139;202139;0;0;30/09/2021;202139;0;0;0;0.00;0.00;0.00;0.000;0.000;0.00
612630;116;02/10/2021;02/10/2021;202139;202139;1;10;02/10/2021;202139;10;10;10;474.00;474.00;474.00;2.500;2.500;47.40
612630;4464;02/10/2021;02/10/2021;202139;202139;1;18;02/10/2021;202139;18;18;18;880.20;880.20;880.20;7.776;7.776;48.90
612631;116;02/10/2021;02/10/2021;202139;202139;1;4;02/10/2021;202139;4;4;4;189.60;189.60;189.60;1.000;1.000;47.40
612641;116;02/10/2021;02/10/2021;202139;202139;1;16;02/10/2021;202139;16;16;16;758.40;758.40;758.40;4.000;4.000;47.40
612641;294;02/10/2021;09/10/2021;202139;202140;2;8;02/10/2021;202139;4;4;4;200.40;200.40;200.40;2.000;2.000;50.10
612653;116;02/10/2021;02/10/2021;202139;202139;1;13;02/10/2021;202139;13;13;13;616.20;616.20;616.20;3.250;3.250;47.40
612653;294;02/10/2021;09/10/2021;202139;202140;2;13;02/10/2021;202139;7;7;7;350.70;350.70;350.70;3.500;3.500;50.10
612654;116;02/10/2021;02/10/2021;202139;202139;0;0;02/10/2021;202139;0;0;0;0.00;0.00;0.00;0.000;0.000;0.00
612712;116;02/10/2021;02/10/2021;202139;202139;1;20;02/10/2021;202139;20;20;20;948.00;948.00;948.00;5.000;5.000;47.40
612958;294;01/10/2021;08/10/2021;202139;202140;3;15;01/10/2021;202139;6;6;6;300.60;300.60;300.60;3.000;3.000;50.10
612978;294;30/09/2021;30/09/2021;202139;202139;1;2;30/09/2021;202139;2;2;2;102.20;102.20;102.20;1.000;1.000;51.10
613001;4464;30/09/2021;30/09/2021;202139;202139;1;1;30/09/2021;202139;1;1;1;50.00;50.00;50.00;0.432;0.432;50.00
613187;116;30/09/2021;30/09/2021;202139;202139;1;1;30/09/2021;202139;1;1;1;47.40;47.40;47.40;0.250;0.250;47.40
613187;294;30/09/2021;30/09/2021;202139;202139;1;2;30/09/2021;202139;2;2;2;100.20;100.20;100.20;1.000;1.000;50.10
613367;294;30/09/2021;30/09/2021;202139;202139;1;4;30/09/2021;202139;4;4;4;204.40;204.40;204.40;2.000;2.000;51.10
613370;116;30/09/2021;30/09/2021;202139;202139;1;2;30/09/2021;202139;2;2;2;94.80;94.80;94.80;0.500;0.500;47.40
613597;116;02/10/2021;02/10/2021;202139;202139;1;3;02/10/2021;202139;3;3;3;144.90;144.90;144.90;0.750;0.750;48.30
613677;116;02/10/2021;02/10/2021;202139;202139;1;6;02/10/2021;202139;6;6;6;289.80;289.80;289.80;1.500;1.500;48.30
613856;975;30/09/2021;07/10/2021;202139;202140;1;300;30/09/2021;202139;0;0;0;0.00;0.00;0.00;0.000;0.000;0.00
613972;116;01/10/2021;01/10/2021;202139;202139;0;0;01/10/2021;202139;0;0;0;0.00;0.00;0.00;0.000;0.000;0.00
613990;4464;30/09/2021;30/09/2021;202139;202139;1;1;30/09/2021;202139;1;1;1;48.90;48.90;48.90;0.432;0.432;48.90
614189;116;30/09/2021;01/10/2021;202139;202139;1;8;30/09/2021;202139;8;8;8;369.52;369.52;369.52;2.000;2.000;46.19
614189;116;30/09/2021;01/10/2021;202139;202139;1;8;01/10/2021;202139;0;0;0;0.00;0.00;0.00;0.000;0.000;0.00
614189;384;01/10/2021;14/10/2021;202139;202141;1;8;01/10/2021;202139;0;0;0;0.00;0.00;0.00;0.000;0.000;0.00
614189;975;30/09/2021;30/09/2021;202139;202139;1;8;30/09/2021;202139;8;8;8;188.16;188.16;188.16;2.128;2.128;23.52
614189;2741;30/09/2021;14/10/2021;202139;202141;2;18;30/09/2021;202139;8;8;8;336.00;336.00;336.00;2.000;2.000;42.00
614189;4464;30/09/2021;30/09/2021;202139;202139;1;3;30/09/2021;202139;3;3;3;138.90;138.90;138.90;1.296;1.296;46.30
614190;116;30/09/2021;30/09/2021;202139;202139;1;10;30/09/2021;202139;10;10;10;461.90;461.90;461.90;2.500;2.500;46.19
614190;294;30/09/2021;01/10/2021;202139;202139;1;3;30/09/2021;202139;3;3;3;136.50;136.50;136.50;1.500;1.500;45.50
614190;294;30/09/2021;01/10/2021;202139;202139;1;3;01/10/2021;202139;0;0;0;0.00;0.00;0.00;0.000;0.000;0.00
614190;975;30/09/2021;07/10/2021;202139;202140;2;10;30/09/2021;202139;5;5;5;117.60;117.60;117.60;1.330;1.330;23.52
614190;975;30/09/2021;07/10/2021;202139;202140;2;10;01/10/2021;202139;0;0;0;0.00;0.00;0.00;0.000;0.000;0.00
614190;2741;30/09/2021;15/10/2021;202139;202141;2;10;30/09/2021;202139;5;5;5;210.00;210.00;210.00;1.250;1.250;42.00
614190;2741;30/09/2021;15/10/2021;202139;202141;2;10;01/10/2021;202139;0;0;0;0.00;0.00;0.00;0.000;0.000;0.00
614190;4464;30/09/2021;07/10/2021;202139;202140;2;4;30/09/2021;202139;2;2;2;92.60;92.60;92.60;0.864;0.864;46.30
614190;4464;30/09/2021;07/10/2021;202139;202140;2;4;01/10/2021;202139;0;0;0;0.00;0.00;0.00;0.000;0.000;0.00
614191;116;02/10/2021;02/10/2021;202139;202139;1;8;02/10/2021;202139;8;8;8;369.52;369.52;369.52;2.000;2.000;46.19
614218;116;02/10/2021;02/10/2021;202139;202139;1;5;02/10/2021;202139;5;5;5;230.95;230.95;230.95;1.250;1.250;46.19
614218;294;02/10/2021;02/10/2021;202139;202139;1;10;02/10/2021;202139;10;10;10;455.00;455.00;455.00;5.000;5.000;45.50
614218;384;02/10/2021;09/10/2021;202139;202140;2;9;02/10/2021;202139;4;4;4;229.16;229.16;229.16;1.800;1.800;57.29
614218;975;02/10/2021;09/10/2021;202139;202140;2;10;02/10/2021;202139;5;5;5;117.60;117.60;117.60;1.330;1.330;23.52
614218;2741;02/10/2021;04/10/2021;202139;202140;1;8;02/10/2021;202139;8;8;8;336.00;336.00;336.00;2.000;2.000;42.00
614218;4464;02/10/2021;09/10/2021;202139;202140;2;6;02/10/2021;202139;2;2;2;92.60;92.60;92.60;0.864;0.864;46.30
614230;294;01/10/2021;01/10/2021;202139;202139;1;5;01/10/2021;202139;5;5;5;250.50;250.50;250.50;2.500;2.500;50.10
614366;116;30/09/2021;30/09/2021;202139;202139;1;4;30/09/2021;202139;4;4;4;189.60;189.60;189.60;1.000;1.000;47.40
614405;116;30/09/2021;30/09/2021;202139;202139;1;1;30/09/2021;202139;1;1;1;48.30;48.30;48.30;0.250;0.250;48.30
614759;2749;30/09/2021;28/10/2021;202139;202143;5;48;30/09/2021;202139;11;11;11;460.90;460.90;460.90;5.500;5.500;41.90
614771;294;30/09/2021;02/10/2021;202139;202139;2;6;30/09/2021;202139;2;2;2;100.20;100.20;100.20;1.000;1.000;50.10
614771;294;30/09/2021;02/10/2021;202139;202139;2;6;02/10/2021;202139;4;4;4;200.40;200.40;200.40;2.000;2.000;50.10
614858;116;30/09/2021;30/09/2021;202139;202139;1;2;30/09/2021;202139;2;2;2;94.80;94.80;94.80;0.500;0.500;47.40
615062;116;30/09/2021;30/09/2021;202139;202139;1;4;30/09/2021;202139;4;4;4;217.60;217.60;217.60;1.000;1.000;54.40
615062;294;30/09/2021;30/09/2021;202139;202139;1;5;30/09/2021;202139;5;5;5;235.50;235.50;235.50;2.500;2.500;47.10
615062;975;30/09/2021;07/10/2021;202139;202140;2;20;30/09/2021;202139;10;10;10;183.00;183.00;183.00;2.660;2.660;18.30
615063;116;01/10/2021;01/10/2021;202139;202139;1;5;01/10/2021;202139;5;5;5;272.00;272.00;272.00;1.250;1.250;54.40
615063;975;01/10/2021;01/10/2021;202139;202139;1;2;01/10/2021;202139;2;2;2;36.60;36.60;36.60;0.532;0.532;18.30
630668;975;01/10/2021;01/10/2021;202139;202139;1;4;01/10/2021;202139;4;4;4;73.20;73.20;73.20;1.064;1.064;18.30
646431;116;02/10/2021;02/10/2021;202139;202139;1;4;02/10/2021;202139;4;4;4;184.76;184.76;184.76;1.000;1.000;46.19
646431;294;02/10/2021;02/10/2021;202139;202139;1;2;02/10/2021;202139;2;2;2;91.00;91.00;91.00;1.000;1.000;45.50
646431;384;02/10/2021;09/10/2021;202139;202140;2;9;02/10/2021;202139;3;3;3;171.87;171.87;171.87;1.350;1.350;57.29
646431;975;02/10/2021;02/10/2021;202139;202139;1;8;02/10/2021;202139;8;8;8;188.16;188.16;188.16;2.128;2.128;23.52
652751;975;02/10/2021;09/10/2021;202139;202140;2;3;02/10/2021;202139;1;1;1;18.30;18.30;18.30;0.266;0.266;18.30
657296;116;01/10/2021;01/10/2021;202139;202139;1;15;01/10/2021;202139;15;15;15;816.00;816.00;816.00;3.750;3.750;54.40
657296;294;01/10/2021;01/10/2021;202139;202139;1;6;01/10/2021;202139;6;6;6;282.60;282.60;282.60;3.000;3.000;47.10
662471;116;02/10/2021;02/10/2021;202139;202139;1;4;02/10/2021;202139;4;4;4;193.20;193.20;193.20;1.000;1.000;48.30
667440;116;02/10/2021;02/10/2021;202139;202139;1;2;02/10/2021;202139;2;2;2;96.60;96.60;96.60;0.500;0.500;48.30
668429;116;30/09/2021;30/09/2021;202139;202139;1;10;30/09/2021;202139;10;10;10;461.90;461.90;461.90;2.500;2.500;46.19
668429;294;30/09/2021;30/09/2021;202139;202139;1;5;30/09/2021;202139;5;5;5;227.50;227.50;227.50;2.500;2.500;45.50
668429;384;30/09/2021;30/09/2021;202139;202139;1;8;30/09/2021;202139;8;8;8;458.32;458.32;458.32;3.600;3.600;57.29
668429;975;30/09/2021;30/09/2021;202139;202139;1;5;30/09/2021;202139;5;5;5;117.60;117.60;117.60;1.330;1.330;23.52
668429;2741;30/09/2021;15/10/2021;202139;202141;2;10;30/09/2021;202139;5;5;5;210.00;210.00;210.00;1.250;1.250;42.00
668429;4464;30/09/2021;07/10/2021;202139;202140;2;6;30/09/2021;202139;3;3;3;138.90;138.90;138.90;1.296;1.296;46.30
684218;116;01/10/2021;01/10/2021;202139;202139;1;2;01/10/2021;202139;2;2;2;108.80;108.80;108.80;0.500;0.500;54.40
686092;116;02/10/2021;02/10/2021;202139;202139;1;5;02/10/2021;202139;5;5;5;241.50;241.50;241.50;1.250;1.250;48.30
686160;116;30/09/2021;30/09/2021;202139;202139;1;6;30/09/2021;202139;6;6;6;277.14;277.14;277.14;1.500;1.500;46.19
686160;384;30/09/2021;07/10/2021;202139;202140;2;4;30/09/2021;202139;2;2;2;114.58;114.58;114.58;0.900;0.900;57.29
686160;2741;30/09/2021;14/10/2021;202139;202141;3;16;30/09/2021;202139;7;7;7;294.00;294.00;294.00;1.750;1.750;42.00
717716;975;01/10/2021;08/10/2021;202139;202140;2;6;01/10/2021;202139;2;2;2;36.60;36.60;36.60;0.532;0.532;18.30
728460;116;01/10/2021;01/10/2021;202139;202139;1;2;01/10/2021;202139;2;2;2;94.80;94.80;94.80;0.500;0.500;47.40
731040;4464;02/10/2021;06/10/2021;202139;202140;2;2;02/10/2021;202139;1;1;1;48.90;48.90;48.90;0.432;0.432;48.90
737834;116;01/10/2021;01/10/2021;202139;202139;1;1;01/10/2021;202139;1;1;1;48.30;48.30;48.30;0.250;0.250;48.30
738280;116;02/10/2021;02/10/2021;202139;202139;1;3;02/10/2021;202139;3;3;3;142.20;142.20;142.20;0.750;0.750;47.40
740357;294;01/10/2021;01/10/2021;202139;202139;1;2;01/10/2021;202139;2;2;2;100.20;100.20;100.20;1.000;1.000;50.10
741384;294;02/10/2021;02/10/2021;202139;202139;1;3;02/10/2021;202139;3;3;3;150.30;150.30;150.30;1.500;1.500;50.10
750383;384;30/09/2021;06/10/2021;202139;202140;2;8;30/09/2021;202139;4;4;4;229.16;229.16;229.16;1.800;1.800;57.29
750383;4464;30/09/2021;05/10/2021;202139;202140;2;5;30/09/2021;202139;3;3;3;138.90;138.90;138.90;1.296;1.296;46.30
750410;116;01/10/2021;01/10/2021;202139;202139;1;5;01/10/2021;202139;5;5;5;230.95;230.95;230.95;1.250;1.250;46.19
750410;294;01/10/2021;01/10/2021;202139;202139;1;8;01/10/2021;202139;8;8;8;364.00;364.00;364.00;4.000;4.000;45.50
750410;384;01/10/2021;01/10/2021;202139;202139;1;2;01/10/2021;202139;2;2;2;114.58;114.58;114.58;0.900;0.900;57.29
750410;975;01/10/2021;01/10/2021;202139;202139;1;5;01/10/2021;202139;5;5;5;117.60;117.60;117.60;1.330;1.330;23.52
750410;4464;01/10/2021;08/10/2021;202139;202140;2;5;01/10/2021;202139;3;3;3;138.90;138.90;138.90;1.296;1.296;46.30
753267;116;30/09/2021;30/09/2021;202139;202139;1;7;30/09/2021;202139;7;7;7;323.33;323.33;323.33;1.750;1.750;46.19
753267;294;30/09/2021;30/09/2021;202139;202139;1;2;30/09/2021;202139;2;2;2;91.00;91.00;91.00;1.000;1.000;45.50
753267;384;30/09/2021;07/10/2021;202139;202140;2;6;30/09/2021;202139;4;4;4;229.16;229.16;229.16;1.800;1.800;57.29
753267;2741;30/09/2021;07/10/2021;202139;202140;2;7;30/09/2021;202139;5;5;5;210.00;210.00;210.00;1.250;1.250;42.00
754334;116;02/10/2021;02/10/2021;202139;202139;1;1;02/10/2021;202139;1;1;1;46.66;46.66;46.66;0.250;0.250;46.66
754334;975;02/10/2021;02/10/2021;202139;202139;1;3;02/10/2021;202139;3;3;3;65.28;65.28;65.28;0.798;0.798;21.76
756692;4464;01/10/2021;01/10/2021;202139;202139;1;1;01/10/2021;202139;1;1;1;47.48;47.48;47.48;0.432;0.432;47.48
762911;294;01/10/2021;01/10/2021;202139;202139;1;3;01/10/2021;202139;3;3;3;150.30;150.30;150.30;1.500;1.500;50.10
767324;116;30/09/2021;30/09/2021;202139;202139;1;6;30/09/2021;202139;6;6;6;277.14;277.14;277.14;1.500;1.500;46.19
767324;294;30/09/2021;30/09/2021;202139;202139;1;8;30/09/2021;202139;8;8;8;364.00;364.00;364.00;4.000;4.000;45.50
767324;384;30/09/2021;08/10/2021;202139;202140;1;5;30/09/2021;202139;5;5;5;286.45;286.45;286.45;2.250;2.250;57.29
767324;975;30/09/2021;07/10/2021;202139;202140;2;10;30/09/2021;202139;5;5;5;117.60;117.60;117.60;1.330;1.330;23.52
767324;2741;30/09/2021;08/10/2021;202139;202140;2;11;30/09/2021;202139;6;6;6;252.00;252.00;252.00;1.500;1.500;42.00
773826;294;02/10/2021;02/10/2021;202139;202139;1;8;02/10/2021;202139;8;8;8;364.00;364.00;364.00;4.000;4.000;45.50
773826;975;02/10/2021;09/10/2021;202139;202140;2;9;02/10/2021;202139;3;3;3;70.56;70.56;70.56;0.798;0.798;23.52
773826;2741;02/10/2021;02/10/2021;202139;202139;1;10;02/10/2021;202139;10;10;10;420.00;420.00;420.00;2.500;2.500;42.00
785083;294;30/09/2021;30/09/2021;202139;202139;1;3;30/09/2021;202139;3;3;3;136.50;136.50;136.50;1.500;1.500;45.50
785083;975;30/09/2021;08/10/2021;202139;202140;1;5;30/09/2021;202139;5;5;5;117.60;117.60;117.60;1.330;1.330;23.52
785083;2741;30/09/2021;07/10/2021;202139;202140;2;11;30/09/2021;202139;5;5;5;210.00;210.00;210.00;1.250;1.250;42.00
785998;116;02/10/2021;02/10/2021;202139;202139;1;2;02/10/2021;202139;2;2;2;92.38;92.38;92.38;0.500;0.500;46.19
785998;294;02/10/2021;02/10/2021;202139;202139;1;5;02/10/2021;202139;5;5;5;227.50;227.50;227.50;2.500;2.500;45.50
785998;4464;02/10/2021;09/10/2021;202139;202140;2;6;02/10/2021;202139;2;2;2;92.60;92.60;92.60;0.864;0.864;46.30
801122;294;30/09/2021;30/09/2021;202139;202139;0;0;30/09/2021;202139;0;0;0;0.00;0.00;0.00;0.000;0.000;0.00
801123;975;02/10/2021;02/10/2021;202139;202139;1;5;02/10/2021;202139;5;5;5;117.60;117.60;117.60;1.330;1.330;23.52
802936;975;02/10/2021;09/10/2021;202139;202140;2;48;02/10/2021;202139;24;24;24;439.20;439.20;439.20;6.384;6.384;18.30
815966;2749;02/10/2021;30/10/2021;202139;202143;3;6;02/10/2021;202139;2;2;2;85.80;85.80;85.80;1.000;1.000;42.90
816076;116;02/10/2021;02/10/2021;202139;202139;1;2;02/10/2021;202139;2;2;2;96.60;96.60;96.60;0.500;0.500;48.30
816286;4464;02/10/2021;09/10/2021;202139;202140;2;2;02/10/2021;202139;1;1;1;50.00;50.00;50.00;0.432;0.432;50.00
833249;4464;30/09/2021;09/10/2021;202139;202140;2;2;30/09/2021;202139;1;1;1;50.00;50.00;50.00;0.432;0.432;50.00
837310;116;30/09/2021;30/09/2021;202139;202139;1;2;30/09/2021;202139;2;2;2;94.80;94.80;94.80;0.500;0.500;47.40
837310;294;30/09/2021;30/09/2021;202139;202139;1;1;30/09/2021;202139;1;1;1;50.10;50.10;50.10;0.500;0.500;50.10
838931;2749;01/10/2021;29/10/2021;202139;202143;9;44;01/10/2021;202139;10;10;10;419.00;419.00;419.00;5.000;5.000;41.90
877849;4464;30/09/2021;30/09/2021;202139;202139;1;2;30/09/2021;202139;2;2;2;100.00;100.00;100.00;0.864;0.864;50.00
892724;116;02/10/2021;02/10/2021;202139;202139;1;7;02/10/2021;202139;7;7;7;331.80;331.80;331.80;1.750;1.750;47.40
893214;294;01/10/2021;01/10/2021;202139;202139;1;10;01/10/2021;202139;10;10;10;501.00;501.00;501.00;5.000;5.000;50.10
896708;116;01/10/2021;01/10/2021;202139;202139;1;5;01/10/2021;202139;5;5;5;230.95;230.95;230.95;1.250;1.250;46.19
896708;294;01/10/2021;01/10/2021;202139;202139;1;3;01/10/2021;202139;3;3;3;136.50;136.50;136.50;1.500;1.500;45.50
896708;384;02/10/2021;08/10/2021;202139;202140;1;3;02/10/2021;202139;0;0;0;0.00;0.00;0.00;0.000;0.000;0.00
896708;2741;01/10/2021;08/10/2021;202139;202140;2;10;01/10/2021;202139;6;6;6;252.00;252.00;252.00;1.500;1.500;42.00
896708;2741;01/10/2021;08/10/2021;202139;202140;2;10;02/10/2021;202139;0;0;0;0.00;0.00;0.00;0.000;0.000;0.00
896708;4464;01/10/2021;01/10/2021;202139;202139;1;2;01/10/2021;202139;2;2;2;92.60;92.60;92.60;0.864;0.864;46.30
908543;116;02/10/2021;02/10/2021;202139;202139;1;2;02/10/2021;202139;2;2;2;108.80;108.80;108.80;0.500;0.500;54.40
927021;116;30/09/2021;30/09/2021;202139;202139;1;3;30/09/2021;202139;3;3;3;144.90;144.90;144.90;0.750;0.750;48.30
941910;116;02/10/2021;02/10/2021;202139;202139;1;3;02/10/2021;202139;3;3;3;144.90;144.90;144.90;0.750;0.750;48.30
947037;4464;01/10/2021;01/10/2021;202139;202139;1;1;01/10/2021;202139;1;1;1;48.90;48.90;48.90;0.432;0.432;48.90
950374;2749;02/10/2021;16/10/2021;202139;202141;3;5;02/10/2021;202139;1;1;1;42.90;42.90;42.90;0.500;0.500;42.90
968846;116;01/10/2021;01/10/2021;202139;202139;1;1;01/10/2021;202139;1;1;1;47.40;47.40;47.40;0.250;0.250;47.40
976847;116;30/09/2021;30/09/2021;202139;202139;1;2;30/09/2021;202139;2;2;2;94.80;94.80;94.80;0.500;0.500;47.40
1002736;4464;30/09/2021;30/09/2021;202139;202139;1;1;30/09/2021;202139;1;1;1;50.00;50.00;50.00;0.432;0.432;50.00
1003217;116;02/10/2021;02/10/2021;202139;202139;0;0;02/10/2021;202139;0;0;0;0.00;0.00;0.00;0.000;0.000;0.00
1003217;2749;02/10/2021;23/10/2021;202139;202142;4;18;02/10/2021;202139;2;2;2;83.80;83.80;83.80;1.000;1.000;41.90
1004404;4464;02/10/2021;09/10/2021;202139;202140;2;3;02/10/2021;202139;2;2;2;100.00;100.00;100.00;0.864;0.864;50.00
1009962;2749;02/10/2021;23/10/2021;202139;202142;4;20;02/10/2021;202139;5;5;5;209.50;209.50;209.50;2.500;2.500;41.90
1016575;116;01/10/2021;01/10/2021;202139;202139;1;5;01/10/2021;202139;5;5;5;237.00;237.00;237.00;1.250;1.250;47.40
1016575;294;01/10/2021;01/10/2021;202139;202139;1;2;01/10/2021;202139;2;2;2;100.20;100.20;100.20;1.000;1.000;50.10
1019733;4464;02/10/2021;02/10/2021;202139;202139;1;2;02/10/2021;202139;2;2;2;100.00;100.00;100.00;0.864;0.864;50.00
1027908;294;30/09/2021;30/09/2021;202139;202139;1;4;30/09/2021;202139;4;4;4;200.40;200.40;200.40;2.000;2.000;50.10
1033275;116;01/10/2021;01/10/2021;202139;202139;1;2;01/10/2021;202139;2;2;2;94.80;94.80;94.80;0.500;0.500;47.40
1054252;294;01/10/2021;01/10/2021;202139;202139;1;2;01/10/2021;202139;2;2;2;102.20;102.20;102.20;1.000;1.000;51.10
1089104;116;02/10/2021;02/10/2021;202139;202139;1;3;02/10/2021;202139;3;3;3;144.90;144.90;144.90;0.750;0.750;48.30
1094345;4464;01/10/2021;01/10/2021;202139;202139;1;2;01/10/2021;202139;2;2;2;100.00;100.00;100.00;0.864;0.864;50.00
1095983;116;02/10/2021;02/10/2021;202139;202139;1;2;02/10/2021;202139;2;2;2;108.80;108.80;108.80;0.500;0.500;54.40
1105700;975;01/10/2021;01/10/2021;202139;202139;1;3;01/10/2021;202139;3;3;3;54.90;54.90;54.90;0.798;0.798;18.30
1140475;4464;01/10/2021;01/10/2021;202139;202139;1;2;01/10/2021;202139;2;2;2;100.00;100.00;100.00;0.864;0.864;50.00
1164603;4464;01/10/2021;01/10/2021;202139;202139;1;1;01/10/2021;202139;1;1;1;50.00;50.00;50.00;0.432;0.432;50.00
1166913;2749;02/10/2021;23/10/2021;202139;202142;3;3;02/10/2021;202139;1;1;1;42.90;42.90;42.90;0.500;0.500;42.90
1167308;116;30/09/2021;30/09/2021;202139;202139;1;5;30/09/2021;202139;5;5;5;241.50;241.50;241.50;1.250;1.250;48.30
1172214;975;02/10/2021;02/10/2021;202139;202139;1;3;02/10/2021;202139;3;3;3;54.90;54.90;54.90;0.798;0.798;18.30
1175381;4464;01/10/2021;01/10/2021;202139;202139;1;1;01/10/2021;202139;1;1;1;50.00;50.00;50.00;0.432;0.432;50.00
1189010;4464;30/09/2021;30/09/2021;202139;202139;1;1;30/09/2021;202139;1;1;1;50.00;50.00;50.00;0.432;0.432;50.00
1202399;116;02/10/2021;02/10/2021;202139;202139;1;3;02/10/2021;202139;3;3;3;163.20;163.20;163.20;0.750;0.750;54.40
1202399;294;02/10/2021;02/10/2021;202139;202139;1;2;02/10/2021;202139;2;2;2;94.20;94.20;94.20;1.000;1.000;47.10
1202399;975;02/10/2021;02/10/2021;202139;202139;1;3;02/10/2021;202139;3;3;3;54.90;54.90;54.90;0.798;0.798;18.30
1204326;116;02/10/2021;02/10/2021;202139;202139;1;10;02/10/2021;202139;10;10;10;474.00;474.00;474.00;2.500;2.500;47.40
1204326;294;02/10/2021;02/10/2021;202139;202139;1;5;02/10/2021;202139;5;5;5;250.50;250.50;250.50;2.500;2.500;50.10
1204984;116;30/09/2021;30/09/2021;202139;202139;1;2;30/09/2021;202139;2;2;2;108.80;108.80;108.80;0.500;0.500;54.40
1204984;294;30/09/2021;30/09/2021;202139;202139;1;6;30/09/2021;202139;6;6;6;282.60;282.60;282.60;3.000;3.000;47.10
1204984;975;30/09/2021;30/09/2021;202139;202139;1;8;30/09/2021;202139;8;8;8;146.40;146.40;146.40;2.128;2.128;18.30
1204993;116;02/10/2021;02/10/2021;202139;202139;1;2;02/10/2021;202139;2;2;2;108.80;108.80;108.80;0.500;0.500;54.40
1204993;294;02/10/2021;02/10/2021;202139;202139;1;2;02/10/2021;202139;2;2;2;94.20;94.20;94.20;1.000;1.000;47.10
1210948;294;30/09/2021;30/09/2021;202139;202139;1;2;30/09/2021;202139;2;2;2;100.20;100.20;100.20;1.000;1.000;50.10
1244864;116;30/09/2021;30/09/2021;202139;202139;1;2;30/09/2021;202139;2;2;2;96.60;96.60;96.60;0.500;0.500;48.30
1244867;116;01/10/2021;01/10/2021;202139;202139;1;1;01/10/2021;202139;1;1;1;46.66;46.66;46.66;0.250;0.250;46.66
1256026;116;02/10/2021;02/10/2021;202139;202139;1;6;02/10/2021;202139;6;6;6;284.40;284.40;284.40;1.500;1.500;47.40
1258268;116;30/09/2021;30/09/2021;202139;202139;1;8;30/09/2021;202139;8;8;8;379.20;379.20;379.20;2.000;2.000;47.40
1277268;4464;01/10/2021;01/10/2021;202139;202139;1;1;01/10/2021;202139;1;1;1;50.00;50.00;50.00;0.432;0.432;50.00
1277287;116;02/10/2021;02/10/2021;202139;202139;1;6;02/10/2021;202139;6;6;6;289.80;289.80;289.80;1.500;1.500;48.30
1277287;2749;02/10/2021;16/10/2021;202139;202141;2;2;02/10/2021;202139;1;1;1;42.90;42.90;42.90;0.500;0.500;42.90
1303475;116;01/10/2021;01/10/2021;202139;202139;1;18;01/10/2021;202139;18;18;18;979.20;979.20;979.20;4.500;4.500;54.40
1303476;116;02/10/2021;02/10/2021;202139;202139;1;2;02/10/2021;202139;2;2;2;108.80;108.80;108.80;0.500;0.500;54.40
1303476;294;02/10/2021;02/10/2021;202139;202139;0;0;02/10/2021;202139;0;0;0;0.00;0.00;0.00;0.000;0.000;0.00
1303476;975;02/10/2021;09/10/2021;202139;202140;2;6;02/10/2021;202139;3;3;3;54.90;54.90;54.90;0.798;0.798;18.30
1311757;116;30/09/2021;30/09/2021;202139;202139;1;2;30/09/2021;202139;2;2;2;94.80;94.80;94.80;0.500;0.500;47.40
1311757;294;30/09/2021;30/09/2021;202139;202139;1;3;30/09/2021;202139;3;3;3;150.30;150.30;150.30;1.500;1.500;50.10
1312059;294;30/09/2021;30/09/2021;202139;202139;0;0;30/09/2021;202139;0;0;0;0.00;0.00;0.00;0.000;0.000;0.00
1312059;2741;30/09/2021;08/10/2021;202139;202140;1;5;30/09/2021;202139;0;0;0;0.00;0.00;0.00;0.000;0.000;0.00
1329290;294;30/09/2021;30/09/2021;202139;202139;1;2;30/09/2021;202139;2;2;2;102.20;102.20;102.20;1.000;1.000;51.10
1330339;294;02/10/2021;02/10/2021;202139;202139;1;1;02/10/2021;202139;1;1;1;50.10;50.10;50.10;0.500;0.500;50.10
1343817;116;01/10/2021;01/10/2021;202139;202139;1;2;01/10/2021;202139;2;2;2;96.60;96.60;96.60;0.500;0.500;48.30
1348851;975;02/10/2021;02/10/2021;202139;202139;1;5;02/10/2021;202139;5;5;5;91.50;91.50;91.50;1.330;1.330;18.30
1366762;4464;02/10/2021;02/10/2021;202139;202139;1;10;02/10/2021;202139;10;10;10;500.00;500.00;500.00;4.320;4.320;50.00
1384881;2749;02/10/2021;09/10/2021;202139;202140;2;3;02/10/2021;202139;2;2;2;83.80;83.80;83.80;1.000;1.000;41.90
1385701;116;02/10/2021;02/10/2021;202139;202139;1;1;02/10/2021;202139;1;1;1;54.40;54.40;54.40;0.250;0.250;54.40
1385778;975;02/10/2021;02/10/2021;202139;202139;1;2;02/10/2021;202139;2;2;2;36.60;36.60;36.60;0.532;0.532;18.30
6727309;116;02/10/2021;02/10/2021;202139;202139;1;2;02/10/2021;202139;2;2;2;108.80;108.80;108.80;0.500;0.500;54.40
6727324;294;01/10/2021;01/10/2021;202139;202139;1;3;01/10/2021;202139;3;3;3;141.30;141.30;141.30;1.500;1.500;47.10
6727324;975;01/10/2021;01/10/2021;202139;202139;1;3;01/10/2021;202139;3;3;3;54.90;54.90;54.90;0.798;0.798;18.30
6756337;4464;30/09/2021;30/09/2021;202139;202139;1;1;30/09/2021;202139;1;1;1;50.00;50.00;50.00;0.432;0.432;50.00
6771186;2749;01/10/2021;08/10/2021;202139;202140;2;4;01/10/2021;202139;2;2;2;85.80;85.80;85.80;1.000;1.000;42.90
6787889;116;30/09/2021;01/10/2021;202139;202139;1;4;30/09/2021;202139;4;4;4;184.76;184.76;184.76;1.000;1.000;46.19
6787889;116;30/09/2021;01/10/2021;202139;202139;1;4;01/10/2021;202139;0;0;0;0.00;0.00;0.00;0.000;0.000;0.00
6787889;294;30/09/2021;30/09/2021;202139;202139;1;2;30/09/2021;202139;2;2;2;91.00;91.00;91.00;1.000;1.000;45.50
6787889;2741;30/09/2021;08/10/2021;202139;202140;1;2;30/09/2021;202139;2;2;2;84.00;84.00;84.00;0.500;0.500;42.00
7048152;116;30/09/2021;30/09/2021;202139;202139;1;1;30/09/2021;202139;1;1;1;54.40;54.40;54.40;0.250;0.250;54.40
7059640;116;02/10/2021;02/10/2021;202139;202139;0;0;02/10/2021;202139;0;0;0;0.00;0.00;0.00;0.000;0.000;0.00
7059640;4464;02/10/2021;02/10/2021;202139;202139;0;0;02/10/2021;202139;0;0;0;0.00;0.00;0.00;0.000;0.000;0.00
7065584;116;30/09/2021;01/10/2021;202139;202139;1;6;30/09/2021;202139;6;6;6;277.14;277.14;277.14;1.500;1.500;46.19
7065584;116;30/09/2021;01/10/2021;202139;202139;1;6;01/10/2021;202139;0;0;0;0.00;0.00;0.00;0.000;0.000;0.00
7065584;294;30/09/2021;30/09/2021;202139;202139;1;4;30/09/2021;202139;4;4;4;182.00;182.00;182.00;2.000;2.000;45.50
7065584;384;30/09/2021;30/09/2021;202139;202139;1;6;30/09/2021;202139;6;6;6;343.74;343.74;343.74;2.700;2.700;57.29
7065584;2741;30/09/2021;08/10/2021;202139;202140;1;10;30/09/2021;202139;10;10;10;420.00;420.00;420.00;2.500;2.500;42.00
7065584;4464;30/09/2021;30/09/2021;202139;202139;1;2;30/09/2021;202139;2;2;2;92.60;92.60;92.60;0.864;0.864;46.30
7065586;294;02/10/2021;02/10/2021;202139;202139;1;2;02/10/2021;202139;2;2;2;91.00;91.00;91.00;1.000;1.000;45.50
7065586;384;02/10/2021;09/10/2021;202139;202140;2;6;02/10/2021;202139;3;3;3;171.87;171.87;171.87;1.350;1.350;57.29
7065586;975;02/10/2021;02/10/2021;202139;202139;1;6;02/10/2021;202139;6;6;6;141.12;141.12;141.12;1.596;1.596;23.52
7065586;2741;02/10/2021;02/10/2021;202139;202139;1;2;02/10/2021;202139;2;2;2;84.00;84.00;84.00;0.500;0.500;42.00
7065586;4464;02/10/2021;02/10/2021;202139;202139;1;1;02/10/2021;202139;1;1;1;46.30;46.30;46.30;0.432;0.432;46.30
7098518;294;30/09/2021;30/09/2021;202139;202139;1;2;30/09/2021;202139;2;2;2;91.00;91.00;91.00;1.000;1.000;45.50
7098518;2741;30/09/2021;30/09/2021;202139;202139;1;6;30/09/2021;202139;6;6;6;252.00;252.00;252.00;1.500;1.500;42.00
7098519;384;30/09/2021;08/10/2021;202139;202140;3;54;30/09/2021;202139;15;15;15;748.50;748.50;748.50;6.750;6.750;49.90
7098519;975;30/09/2021;30/09/2021;202139;202139;1;71;30/09/2021;202139;71;71;71;1234.69;1234.69;1234.69;18.886;18.886;17.39
7102648;4464;02/10/2021;02/10/2021;202139;202139;1;2;02/10/2021;202139;2;2;2;97.80;97.80;97.80;0.864;0.864;48.90
7106416;116;02/10/2021;02/10/2021;202139;202139;1;2;02/10/2021;202139;2;2;2;92.38;92.38;92.38;0.500;0.500;46.19
7106416;975;02/10/2021;02/10/2021;202139;202139;1;4;02/10/2021;202139;4;4;4;94.08;94.08;94.08;1.064;1.064;23.52
7110881;116;02/10/2021;02/10/2021;202139;202139;1;7;02/10/2021;202139;7;7;7;331.80;331.80;331.80;1.750;1.750;47.40
7126269;116;02/10/2021;02/10/2021;202139;202139;1;6;02/10/2021;202139;6;6;6;284.40;284.40;284.40;1.500;1.500;47.40
7135024;116;30/09/2021;30/09/2021;202139;202139;1;10;30/09/2021;202139;10;10;10;461.90;461.90;461.90;2.500;2.500;46.19
7135024;384;30/09/2021;30/09/2021;202139;202139;1;3;30/09/2021;202139;3;3;3;171.87;171.87;171.87;1.350;1.350;57.29
7135024;975;30/09/2021;30/09/2021;202139;202139;1;5;30/09/2021;202139;5;5;5;117.60;117.60;117.60;1.330;1.330;23.52
7135024;4464;30/09/2021;30/09/2021;202139;202139;1;4;30/09/2021;202139;4;4;4;185.20;185.20;185.20;1.728;1.728;46.30
7155798;116;01/10/2021;01/10/2021;202139;202139;1;2;01/10/2021;202139;2;2;2;96.60;96.60;96.60;0.500;0.500;48.30
7155798;4464;01/10/2021;01/10/2021;202139;202139;1;1;01/10/2021;202139;1;1;1;50.00;50.00;50.00;0.432;0.432;50.00
7155984;116;30/09/2021;30/09/2021;202139;202139;1;2;30/09/2021;202139;2;2;2;96.60;96.60;96.60;0.500;0.500;48.30
7156348;116;02/10/2021;02/10/2021;202139;202139;1;5;02/10/2021;202139;5;5;5;241.50;241.50;241.50;1.250;1.250;48.30
7156348;294;02/10/2021;02/10/2021;202139;202139;1;4;02/10/2021;202139;4;4;4;204.40;204.40;204.40;2.000;2.000;51.10
7156350;116;30/09/2021;30/09/2021;202139;202139;1;2;30/09/2021;202139;2;2;2;96.60;96.60;96.60;0.500;0.500;48.30
7169505;116;01/10/2021;01/10/2021;202139;202139;1;6;01/10/2021;202139;6;6;6;277.14;277.14;277.14;1.500;1.500;46.19
7169505;294;01/10/2021;01/10/2021;202139;202139;1;3;01/10/2021;202139;3;3;3;136.50;136.50;136.50;1.500;1.500;45.50
7169505;975;01/10/2021;01/10/2021;202139;202139;1;5;01/10/2021;202139;5;5;5;117.60;117.60;117.60;1.330;1.330;23.52
7169505;2741;01/10/2021;01/10/2021;202139;202139;1;5;01/10/2021;202139;5;5;5;210.00;210.00;210.00;1.250;1.250;42.00
7172346;116;02/10/2021;02/10/2021;202139;202139;1;10;02/10/2021;202139;10;10;10;461.90;461.90;461.90;2.500;2.500;46.19
7172346;294;02/10/2021;02/10/2021;202139;202139;1;3;02/10/2021;202139;3;3;3;136.50;136.50;136.50;1.500;1.500;45.50
7172346;384;02/10/2021;02/10/2021;202139;202139;1;3;02/10/2021;202139;3;3;3;171.87;171.87;171.87;1.350;1.350;57.29
7172346;975;02/10/2021;02/10/2021;202139;202139;1;6;02/10/2021;202139;6;6;6;141.12;141.12;141.12;1.596;1.596;23.52
7172346;2741;02/10/2021;02/10/2021;202139;202139;1;2;02/10/2021;202139;2;2;2;84.00;84.00;84.00;0.500;0.500;42.00
7184037;116;02/10/2021;02/10/2021;202139;202139;1;3;02/10/2021;202139;3;3;3;138.57;138.57;138.57;0.750;0.750;46.19
7184037;384;02/10/2021;09/10/2021;202139;202140;2;5;02/10/2021;202139;2;2;2;114.58;114.58;114.58;0.900;0.900;57.29
7191611;116;30/09/2021;30/09/2021;202139;202139;1;2;30/09/2021;202139;2;2;2;94.80;94.80;94.80;0.500;0.500;47.40
7191611;294;30/09/2021;30/09/2021;202139;202139;1;2;30/09/2021;202139;2;2;2;100.20;100.20;100.20;1.000;1.000;50.10
7191611;4464;30/09/2021;30/09/2021;202139;202139;1;1;30/09/2021;202139;1;1;1;48.90;48.90;48.90;0.432;0.432;48.90
7195597;116;30/09/2021;30/09/2021;202139;202139;1;15;30/09/2021;202139;15;15;15;692.85;692.85;692.85;3.750;3.750;46.19
7195597;384;30/09/2021;07/10/2021;202139;202140;2;11;30/09/2021;202139;9;9;9;515.61;515.61;515.61;4.050;4.050;57.29
7195597;975;30/09/2021;30/09/2021;202139;202139;1;5;30/09/2021;202139;5;5;5;117.60;117.60;117.60;1.330;1.330;23.52
7195597;2741;30/09/2021;07/10/2021;202139;202140;2;22;30/09/2021;202139;12;12;12;504.00;504.00;504.00;3.000;3.000;42.00
7195597;4464;30/09/2021;30/09/2021;202139;202139;1;1;30/09/2021;202139;1;1;1;46.30;46.30;46.30;0.432;0.432;46.30
7204067;116;30/09/2021;30/09/2021;202139;202139;1;1;30/09/2021;202139;1;1;1;48.30;48.30;48.30;0.250;0.250;48.30
7211319;975;30/09/2021;30/09/2021;202139;202139;1;2;30/09/2021;202139;2;2;2;36.60;36.60;36.60;0.532;0.532;18.30
7226883;294;01/10/2021;01/10/2021;202139;202139;0;0;01/10/2021;202139;0;0;0;0.00;0.00;0.00;0.000;0.000;0.00
7251436;116;01/10/2021;01/10/2021;202139;202139;1;5;01/10/2021;202139;5;5;5;230.95;230.95;230.95;1.250;1.250;46.19
7251436;294;01/10/2021;01/10/2021;202139;202139;1;2;01/10/2021;202139;2;2;2;91.00;91.00;91.00;1.000;1.000;45.50
7253946;116;01/10/2021;01/10/2021;202139;202139;1;8;01/10/2021;202139;8;8;8;369.52;369.52;369.52;2.000;2.000;46.19
7253946;294;01/10/2021;01/10/2021;202139;202139;1;4;01/10/2021;202139;4;4;4;182.00;182.00;182.00;2.000;2.000;45.50
7253946;384;01/10/2021;08/10/2021;202139;202140;2;14;01/10/2021;202139;8;8;8;458.32;458.32;458.32;3.600;3.600;57.29
7253946;975;01/10/2021;01/10/2021;202139;202139;1;6;01/10/2021;202139;6;6;6;141.12;141.12;141.12;1.596;1.596;23.52
7253946;2741;01/10/2021;08/10/2021;202139;202140;2;6;01/10/2021;202139;4;4;4;168.00;168.00;168.00;1.000;1.000;42.00
7253946;4464;01/10/2021;01/10/2021;202139;202139;1;2;01/10/2021;202139;2;2;2;92.60;92.60;92.60;0.864;0.864;46.30
7258304;4464;01/10/2021;01/10/2021;202139;202139;1;1;01/10/2021;202139;1;1;1;59.20;59.20;59.20;0.432;0.432;59.20
7258314;116;30/09/2021;30/09/2021;202139;202139;1;2;30/09/2021;202139;2;2;2;108.80;108.80;108.80;0.500;0.500;54.40
7260265;116;30/09/2021;30/09/2021;202139;202139;0;0;30/09/2021;202139;0;0;0;0.00;0.00;0.00;0.000;0.000;0.00
7260265;294;30/09/2021;30/09/2021;202139;202139;1;2;30/09/2021;202139;2;2;2;94.20;94.20;94.20;1.000;1.000;47.10
7260287;294;01/10/2021;01/10/2021;202139;202139;1;2;01/10/2021;202139;2;2;2;94.20;94.20;94.20;1.000;1.000;47.10
7260311;116;02/10/2021;02/10/2021;202139;202139;1;10;02/10/2021;202139;10;10;10;544.00;544.00;544.00;2.500;2.500;54.40
7260311;294;02/10/2021;02/10/2021;202139;202139;1;4;02/10/2021;202139;4;4;4;188.40;188.40;188.40;2.000;2.000;47.10
7262235;116;30/09/2021;30/09/2021;202139;202139;1;2;30/09/2021;202139;2;2;2;96.60;96.60;96.60;0.500;0.500;48.30
7269824;975;02/10/2021;02/10/2021;202139;202139;1;6;02/10/2021;202139;6;6;6;109.80;109.80;109.80;1.596;1.596;18.30
7282964;116;30/09/2021;30/09/2021;202139;202139;1;1;30/09/2021;202139;1;1;1;48.30;48.30;48.30;0.250;0.250;48.30
7315870;116;30/09/2021;30/09/2021;202139;202139;1;10;30/09/2021;202139;10;10;10;461.90;461.90;461.90;2.500;2.500;46.19
7315870;294;30/09/2021;30/09/2021;202139;202139;1;10;30/09/2021;202139;10;10;10;455.00;455.00;455.00;5.000;5.000;45.50
7315870;384;30/09/2021;06/10/2021;202139;202140;2;7;30/09/2021;202139;3;3;3;171.87;171.87;171.87;1.350;1.350;57.29
7315870;975;30/09/2021;30/09/2021;202139;202139;1;5;30/09/2021;202139;5;5;5;117.60;117.60;117.60;1.330;1.330;23.52
7315870;2741;30/09/2021;02/10/2021;202139;202139;1;10;30/09/2021;202139;10;10;10;420.00;420.00;420.00;2.500;2.500;42.00
7315870;2741;30/09/2021;02/10/2021;202139;202139;1;10;02/10/2021;202139;0;0;0;0.00;0.00;0.00;0.000;0.000;0.00
7315870;4464;30/09/2021;30/09/2021;202139;202139;1;4;30/09/2021;202139;4;4;4;185.20;185.20;185.20;1.728;1.728;46.30
7318741;116;01/10/2021;01/10/2021;202139;202139;1;3;01/10/2021;202139;3;3;3;144.90;144.90;144.90;0.750;0.750;48.30
7318853;4464;02/10/2021;02/10/2021;202139;202139;1;2;02/10/2021;202139;2;2;2;100.00;100.00;100.00;0.864;0.864;50.00
7330196;294;01/10/2021;01/10/2021;202139;202139;1;3;01/10/2021;202139;3;3;3;141.30;141.30;141.30;1.500;1.500;47.10
7330371;294;02/10/2021;02/10/2021;202139;202139;1;6;02/10/2021;202139;6;6;6;282.60;282.60;282.60;3.000;3.000;47.10
7379624;975;02/10/2021;02/10/2021;202139;202139;0;0;02/10/2021;202139;0;0;0;0.00;0.00;0.00;0.000;0.000;0.00
7405986;294;30/09/2021;30/09/2021;202139;202139;1;2;30/09/2021;202139;2;2;2;102.20;102.20;102.20;1.000;1.000;51.10
7411421;4464;30/09/2021;30/09/2021;202139;202139;1;3;30/09/2021;202139;3;3;3;150.00;150.00;150.00;1.296;1.296;50.00
7416265;294;30/09/2021;30/09/2021;202139;202139;1;2;30/09/2021;202139;2;2;2;100.20;100.20;100.20;1.000;1.000;50.10
7432459;294;02/10/2021;02/10/2021;202139;202139;1;3;02/10/2021;202139;3;3;3;150.30;150.30;150.30;1.500;1.500;50.10
7432756;294;30/09/2021;30/09/2021;202139;202139;1;15;30/09/2021;202139;15;15;15;734.40;734.40;734.40;7.500;7.500;48.96
7448188;4464;02/10/2021;02/10/2021;202139;202139;1;2;02/10/2021;202139;2;2;2;100.00;100.00;100.00;0.864;0.864;50.00
7464480;4464;02/10/2021;02/10/2021;202139;202139;0;0;02/10/2021;202139;0;0;0;0.00;0.00;0.00;0.000;0.000;0.00
7464610;294;02/10/2021;02/10/2021;202139;202139;1;2;02/10/2021;202139;2;2;2;102.20;102.20;102.20;1.000;1.000;51.10
7464610;2749;02/10/2021;23/10/2021;202139;202142;4;7;02/10/2021;202139;3;3;3;128.70;128.70;128.70;1.500;1.500;42.90
7468517;294;30/09/2021;30/09/2021;202139;202139;1;4;30/09/2021;202139;4;4;4;200.40;200.40;200.40;2.000;2.000;50.10
7473004;294;30/09/2021;01/10/2021;202139;202139;1;15;30/09/2021;202139;15;15;15;682.50;682.50;682.50;7.500;7.500;45.50
7473004;294;30/09/2021;01/10/2021;202139;202139;1;15;01/10/2021;202139;0;0;0;0.00;0.00;0.00;0.000;0.000;0.00
7473004;384;30/09/2021;01/10/2021;202139;202139;1;10;30/09/2021;202139;10;10;10;572.90;572.90;572.90;4.500;4.500;57.29
7473004;384;30/09/2021;01/10/2021;202139;202139;1;10;01/10/2021;202139;0;0;0;0.00;0.00;0.00;0.000;0.000;0.00
7473004;975;01/10/2021;01/10/2021;202139;202139;0;0;01/10/2021;202139;0;0;0;0.00;0.00;0.00;0.000;0.000;0.00
7473004;4464;30/09/2021;30/09/2021;202139;202139;1;5;30/09/2021;202139;5;5;5;231.50;231.50;231.50;2.160;2.160;46.30
7487837;4464;02/10/2021;02/10/2021;202139;202139;1;1;02/10/2021;202139;1;1;1;50.00;50.00;50.00;0.432;0.432;50.00
7498225;384;30/09/2021;07/10/2021;202139;202140;2;7;30/09/2021;202139;4;4;4;229.16;229.16;229.16;1.800;1.800;57.29
7498225;2741;30/09/2021;08/10/2021;202139;202140;2;12;30/09/2021;202139;6;6;6;252.00;252.00;252.00;1.500;1.500;42.00
7498225;2741;30/09/2021;08/10/2021;202139;202140;2;12;01/10/2021;202139;0;0;0;0.00;0.00;0.00;0.000;0.000;0.00
7504174;294;01/10/2021;01/10/2021;202139;202139;0;0;01/10/2021;202139;0;0;0;0.00;0.00;0.00;0.000;0.000;0.00
7504174;384;30/09/2021;07/10/2021;202139;202140;2;12;30/09/2021;202139;8;8;8;458.32;458.32;458.32;3.600;3.600;57.29
7504174;975;30/09/2021;30/09/2021;202139;202139;1;10;30/09/2021;202139;10;10;10;235.20;235.20;235.20;2.660;2.660;23.52
7504174;2741;30/09/2021;08/10/2021;202139;202140;2;14;30/09/2021;202139;12;12;12;504.00;504.00;504.00;3.000;3.000;42.00
7504174;2741;30/09/2021;08/10/2021;202139;202140;2;14;01/10/2021;202139;0;0;0;0.00;0.00;0.00;0.000;0.000;0.00
7504174;4464;30/09/2021;30/09/2021;202139;202139;1;2;30/09/2021;202139;2;2;2;92.60;92.60;92.60;0.864;0.864;46.30
7536771;294;30/09/2021;30/09/2021;202139;202139;1;4;30/09/2021;202139;4;4;4;188.40;188.40;188.40;2.000;2.000;47.10
7536772;975;01/10/2021;01/10/2021;202139;202139;1;3;01/10/2021;202139;3;3;3;54.90;54.90;54.90;0.798;0.798;18.30
7601762;294;02/10/2021;02/10/2021;202139;202139;1;5;02/10/2021;202139;5;5;5;227.50;227.50;227.50;2.500;2.500;45.50
7601762;384;02/10/2021;02/10/2021;202139;202139;1;10;02/10/2021;202139;10;10;10;572.90;572.90;572.90;4.500;4.500;57.29
7601762;2741;02/10/2021;02/10/2021;202139;202139;1;15;02/10/2021;202139;15;15;15;630.00;630.00;630.00;3.750;3.750;42.00
7607823;294;30/09/2021;30/09/2021;202139;202139;1;2;30/09/2021;202139;2;2;2;91.00;91.00;91.00;1.000;1.000;45.50
7607823;975;30/09/2021;30/09/2021;202139;202139;1;10;30/09/2021;202139;10;10;10;235.20;235.20;235.20;2.660;2.660;23.52
7607823;4464;30/09/2021;30/09/2021;202139;202139;1;2;30/09/2021;202139;2;2;2;92.60;92.60;92.60;0.864;0.864;46.30
7611588;4464;01/10/2021;01/10/2021;202139;202139;0;0;01/10/2021;202139;0;0;0;0.00;0.00;0.00;0.000;0.000;0.00
7622444;294;02/10/2021;02/10/2021;202139;202139;1;4;02/10/2021;202139;4;4;4;204.40;204.40;204.40;2.000;2.000;51.10
7626826;294;30/09/2021;01/10/2021;202139;202139;1;3;30/09/2021;202139;3;3;3;136.50;136.50;136.50;1.500;1.500;45.50
7626826;294;30/09/2021;01/10/2021;202139;202139;1;3;01/10/2021;202139;0;0;0;0.00;0.00;0.00;0.000;0.000;0.00
7626826;384;30/09/2021;07/10/2021;202139;202140;2;22;30/09/2021;202139;12;12;12;687.48;687.48;687.48;5.400;5.400;57.29
7626826;975;30/09/2021;30/09/2021;202139;202139;1;10;30/09/2021;202139;10;10;10;235.20;235.20;235.20;2.660;2.660;23.52
7637410;975;30/09/2021;30/09/2021;202139;202139;1;2;30/09/2021;202139;2;2;2;36.60;36.60;36.60;0.532;0.532;18.30
7637411;294;02/10/2021;02/10/2021;202139;202139;1;3;02/10/2021;202139;3;3;3;141.30;141.30;141.30;1.500;1.500;47.10
7644299;294;01/10/2021;01/10/2021;202139;202139;1;4;01/10/2021;202139;4;4;4;204.40;204.40;204.40;2.000;2.000;51.10
7647424;4464;02/10/2021;02/10/2021;202139;202139;1;2;02/10/2021;202139;2;2;2;100.00;100.00;100.00;0.864;0.864;50.00
7671588;294;30/09/2021;30/09/2021;202139;202139;1;2;30/09/2021;202139;2;2;2;94.20;94.20;94.20;1.000;1.000;47.10
7699415;384;30/09/2021;07/10/2021;202139;202140;3;36;30/09/2021;202139;26;26;26;1297.40;1297.40;1297.40;11.700;11.700;49.90
7699415;975;30/09/2021;30/09/2021;202139;202139;1;25;30/09/2021;202139;25;25;25;434.75;434.75;434.75;6.650;6.650;17.39
7710456;294;02/10/2021;02/10/2021;202139;202139;1;6;02/10/2021;202139;6;6;6;300.60;300.60;300.60;3.000;3.000;50.10
7710626;294;30/09/2021;30/09/2021;202139;202139;1;2;30/09/2021;202139;2;2;2;94.20;94.20;94.20;1.000;1.000;47.10
7719599;384;30/09/2021;07/10/2021;202139;202140;3;47;30/09/2021;202139;11;11;11;548.90;548.90;548.90;4.950;4.950;49.90
7719599;975;30/09/2021;30/09/2021;202139;202139;1;25;30/09/2021;202139;25;25;25;434.75;434.75;434.75;6.650;6.650;17.39
7722201;294;01/10/2021;01/10/2021;202139;202139;1;2;01/10/2021;202139;2;2;2;102.20;102.20;102.20;1.000;1.000;51.10
7736472;975;02/10/2021;02/10/2021;202139;202139;1;2;02/10/2021;202139;2;2;2;36.60;36.60;36.60;0.532;0.532;18.30
7743605;975;30/09/2021;30/09/2021;202139;202139;1;159;30/09/2021;202139;159;159;159;2765.01;2765.01;2765.01;42.294;42.294;17.39
7749386;294;01/10/2021;01/10/2021;202139;202139;1;2;01/10/2021;202139;2;2;2;94.20;94.20;94.20;1.000;1.000;47.10
7753562;294;30/09/2021;30/09/2021;202139;202139;1;20;30/09/2021;202139;20;20;20;910.00;910.00;910.00;10.000;10.000;45.50
7753562;384;30/09/2021;07/10/2021;202139;202140;2;15;30/09/2021;202139;5;5;5;286.45;286.45;286.45;2.250;2.250;57.29
7753562;2741;30/09/2021;07/10/2021;202139;202140;2;28;30/09/2021;202139;16;16;16;672.00;672.00;672.00;4.000;4.000;42.00
7753562;4464;30/09/2021;30/09/2021;202139;202139;1;14;30/09/2021;202139;14;14;14;648.20;648.20;648.20;6.048;6.048;46.30
7766385;294;01/10/2021;01/10/2021;202139;202139;1;4;01/10/2021;202139;4;4;4;188.40;188.40;188.40;2.000;2.000;47.10
7766385;975;01/10/2021;01/10/2021;202139;202139;1;4;01/10/2021;202139;4;4;4;73.20;73.20;73.20;1.064;1.064;18.30
7790237;975;02/10/2021;02/10/2021;202139;202139;1;2;02/10/2021;202139;2;2;2;36.60;36.60;36.60;0.532;0.532;18.30
7799572;294;02/10/2021;02/10/2021;202139;202139;1;6;02/10/2021;202139;6;6;6;282.60;282.60;282.60;3.000;3.000;47.10
7799573;294;02/10/2021;02/10/2021;202139;202139;1;8;02/10/2021;202139;8;8;8;376.80;376.80;376.80;4.000;4.000;47.10
7823134;294;01/10/2021;01/10/2021;202139;202139;1;6;01/10/2021;202139;6;6;6;300.60;300.60;300.60;3.000;3.000;50.10
7823284;294;01/10/2021;01/10/2021;202139;202139;1;7;01/10/2021;202139;7;7;7;350.70;350.70;350.70;3.500;3.500;50.10
7827741;384;02/10/2021;09/10/2021;202139;202140;2;4;02/10/2021;202139;2;2;2;114.58;114.58;114.58;0.900;0.900;57.29
7827741;975;02/10/2021;02/10/2021;202139;202139;1;5;02/10/2021;202139;5;5;5;117.60;117.60;117.60;1.330;1.330;23.52
7827741;4464;02/10/2021;02/10/2021;202139;202139;1;1;02/10/2021;202139;1;1;1;46.30;46.30;46.30;0.432;0.432;46.30
323606;294;30/09/2021;08/10/2021;202139;202140;3;148;04/10/2021;202140;23;23;23;1011.77;1011.77;1011.77;11.500;11.500;43.99
323606;294;30/09/2021;08/10/2021;202139;202140;3;148;05/10/2021;202140;0;0;0;0.00;0.00;0.00;0.000;0.000;0.00
323606;294;30/09/2021;08/10/2021;202139;202140;3;148;07/10/2021;202140;79;79;79;3475.21;3475.21;3475.21;39.500;39.500;43.99
323606;294;30/09/2021;08/10/2021;202139;202140;3;148;08/10/2021;202140;0;0;0;0.00;0.00;0.00;0.000;0.000;0.00
323606;384;30/09/2021;12/10/2021;202139;202141;4;118;04/10/2021;202140;19;19;19;1082.62;1082.62;1082.62;8.550;8.550;56.98
323606;384;30/09/2021;12/10/2021;202139;202141;4;118;05/10/2021;202140;0;0;0;0.00;0.00;0.00;0.000;0.000;0.00
323606;384;30/09/2021;12/10/2021;202139;202141;4;118;07/10/2021;202140;43;43;43;2450.14;2450.14;2450.14;19.350;19.350;56.98
323606;384;30/09/2021;12/10/2021;202139;202141;4;118;08/10/2021;202140;0;0;0;0.00;0.00;0.00;0.000;0.000;0.00
323606;542;30/09/2021;11/04/2022;202139;202215;49;1659;04/10/2021;202140;13;13;13;846.04;846.04;846.04;3.250;3.250;65.08
323606;542;30/09/2021;11/04/2022;202139;202215;49;1659;05/10/2021;202140;0;0;0;0.00;0.00;0.00;0.000;0.000;0.00
323606;542;30/09/2021;11/04/2022;202139;202215;49;1659;07/10/2021;202140;32;32;32;2082.56;2082.56;2082.56;8.000;8.000;65.08
323606;542;30/09/2021;11/04/2022;202139;202215;49;1659;08/10/2021;202140;0;0;0;0.00;0.00;0.00;0.000;0.000;0.00
323606;975;30/09/2021;08/10/2021;202139;202140;2;33;07/10/2021;202140;20;20;20;510.00;510.00;510.00;5.320;5.320;25.50
323606;975;30/09/2021;08/10/2021;202139;202140;2;33;08/10/2021;202140;0;0;0;0.00;0.00;0.00;0.000;0.000;0.00
323606;2741;30/09/2021;15/10/2021;202139;202141;3;41;07/10/2021;202140;16;16;16;737.44;737.44;737.44;4.000;4.000;46.09
323606;2741;30/09/2021;15/10/2021;202139;202141;3;41;08/10/2021;202140;0;0;0;0.00;0.00;0.00;0.000;0.000;0.00
323606;2749;30/09/2021;29/10/2021;202139;202143;8;250;04/10/2021;202140;6;6;6;275.16;275.16;275.16;3.000;3.000;45.86
323606;2749;30/09/2021;29/10/2021;202139;202143;8;250;05/10/2021;202140;0;0;0;0.00;0.00;0.00;0.000;0.000;0.00
323606;2749;30/09/2021;29/10/2021;202139;202143;8;250;07/10/2021;202140;32;32;32;1467.52;1467.52;1467.52;16.000;16.000;45.86
323606;2749;30/09/2021;29/10/2021;202139;202143;8;250;08/10/2021;202140;0;0;0;0.00;0.00;0.00;0.000;0.000;0.00
323606;4464;30/09/2021;09/10/2021;202139;202140;1;7;09/10/2021;202140;0;0;0;0.00;0.00;0.00;0.000;0.000;0.00
612312;294;01/10/2021;08/10/2021;202139;202140;2;6;08/10/2021;202140;3;3;3;150.30;150.30;150.30;1.500;1.500;50.10
612383;4464;06/10/2021;06/10/2021;202140;202140;1;2;06/10/2021;202140;2;2;2;100.00;100.00;100.00;0.864;0.864;50.00
612631;4464;09/10/2021;09/10/2021;202140;202140;0;0;09/10/2021;202140;0;0;0;0.00;0.00;0.00;0.000;0.000;0.00
612641;294;02/10/2021;09/10/2021;202139;202140;2;8;09/10/2021;202140;4;4;4;200.40;200.40;200.40;2.000;2.000;50.10
612653;294;02/10/2021;09/10/2021;202139;202140;2;13;09/10/2021;202140;6;6;6;300.60;300.60;300.60;3.000;3.000;50.10
612730;4464;09/10/2021;09/10/2021;202140;202140;0;0;09/10/2021;202140;0;0;0;0.00;0.00;0.00;0.000;0.000;0.00
612746;4464;09/10/2021;09/10/2021;202140;202140;0;0;09/10/2021;202140;0;0;0;0.00;0.00;0.00;0.000;0.000;0.00
612958;294;01/10/2021;08/10/2021;202139;202140;3;15;05/10/2021;202140;3;3;3;150.30;150.30;150.30;1.500;1.500;50.10
612958;294;01/10/2021;08/10/2021;202139;202140;3;15;08/10/2021;202140;6;6;6;300.60;300.60;300.60;3.000;3.000;50.10
613197;4464;09/10/2021;09/10/2021;202140;202140;1;1;09/10/2021;202140;1;1;1;50.00;50.00;50.00;0.432;0.432;50.00
613326;4464;08/10/2021;08/10/2021;202140;202140;1;2;08/10/2021;202140;2;2;2;97.80;97.80;97.80;0.864;0.864;48.90
613597;2749;09/10/2021;30/10/2021;202140;202143;2;6;09/10/2021;202140;3;3;3;128.70;128.70;128.70;1.500;1.500;42.90
613856;975;30/09/2021;07/10/2021;202139;202140;1;300;06/10/2021;202140;300;300;300;5490.00;5490.00;5490.00;79.800;79.800;18.30
613856;975;30/09/2021;07/10/2021;202139;202140;1;300;07/10/2021;202140;0;0;0;0.00;0.00;0.00;0.000;0.000;0.00
614188;384;04/10/2021;11/10/2021;202140;202141;2;7;04/10/2021;202140;5;5;5;286.45;286.45;286.45;2.250;2.250;57.29
614189;384;01/10/2021;14/10/2021;202139;202141;1;8;08/10/2021;202140;0;0;0;0.00;0.00;0.00;0.000;0.000;0.00
614190;384;07/10/2021;07/10/2021;202140;202140;1;10;07/10/2021;202140;10;10;10;572.90;572.90;572.90;4.500;4.500;57.29
614190;975;30/09/2021;07/10/2021;202139;202140;2;10;07/10/2021;202140;5;5;5;117.60;117.60;117.60;1.330;1.330;23.52
614190;4464;30/09/2021;07/10/2021;202139;202140;2;4;07/10/2021;202140;2;2;2;92.60;92.60;92.60;0.864;0.864;46.30
614191;384;09/10/2021;09/10/2021;202140;202140;1;2;09/10/2021;202140;2;2;2;114.58;114.58;114.58;0.900;0.900;57.29
614191;975;09/10/2021;09/10/2021;202140;202140;1;5;09/10/2021;202140;5;5;5;117.60;117.60;117.60;1.330;1.330;23.52
614218;384;02/10/2021;09/10/2021;202139;202140;2;9;09/10/2021;202140;5;5;5;286.45;286.45;286.45;2.250;2.250;57.29
614218;975;02/10/2021;09/10/2021;202139;202140;2;10;09/10/2021;202140;5;5;5;117.60;117.60;117.60;1.330;1.330;23.52
614218;2741;02/10/2021;04/10/2021;202139;202140;1;8;04/10/2021;202140;0;0;0;0.00;0.00;0.00;0.000;0.000;0.00
614218;4464;02/10/2021;09/10/2021;202139;202140;2;6;09/10/2021;202140;4;4;4;185.20;185.20;185.20;1.728;1.728;46.30
614742;2749;08/10/2021;08/10/2021;202140;202140;1;1;08/10/2021;202140;1;1;1;42.90;42.90;42.90;0.500;0.500;42.90
614792;4464;06/10/2021;06/10/2021;202140;202140;1;1;06/10/2021;202140;1;1;1;48.90;48.90;48.90;0.432;0.432;48.90
614963;4464;05/10/2021;05/10/2021;202140;202140;1;2;05/10/2021;202140;2;2;2;100.00;100.00;100.00;0.864;0.864;50.00
615054;975;07/10/2021;07/10/2021;202140;202140;1;2;07/10/2021;202140;2;2;2;36.60;36.60;36.60;0.532;0.532;18.30
615057;975;04/10/2021;04/10/2021;202140;202140;1;5;04/10/2021;202140;5;5;5;91.50;91.50;91.50;1.330;1.330;18.30
615060;975;06/10/2021;06/10/2021;202140;202140;1;3;06/10/2021;202140;3;3;3;54.90;54.90;54.90;0.798;0.798;18.30
615062;975;30/09/2021;07/10/2021;202139;202140;2;20;07/10/2021;202140;10;10;10;183.00;183.00;183.00;2.660;2.660;18.30
646431;384;02/10/2021;09/10/2021;202139;202140;2;9;09/10/2021;202140;6;6;6;343.74;343.74;343.74;2.700;2.700;57.29
652751;975;02/10/2021;09/10/2021;202139;202140;2;3;09/10/2021;202140;2;2;2;36.60;36.60;36.60;0.532;0.532;18.30
653590;4464;06/10/2021;06/10/2021;202140;202140;1;1;06/10/2021;202140;1;1;1;50.00;50.00;50.00;0.432;0.432;50.00
656964;4464;09/10/2021;09/10/2021;202140;202140;1;1;09/10/2021;202140;1;1;1;50.00;50.00;50.00;0.432;0.432;50.00
662471;2749;09/10/2021;30/10/2021;202140;202143;4;13;09/10/2021;202140;4;4;4;171.60;171.60;171.60;2.000;2.000;42.90
667464;4464;06/10/2021;06/10/2021;202140;202140;1;1;06/10/2021;202140;1;1;1;50.00;50.00;50.00;0.432;0.432;50.00
668429;2741;30/09/2021;15/10/2021;202139;202141;2;10;07/10/2021;202140;5;5;5;210.00;210.00;210.00;1.250;1.250;42.00
668429;4464;30/09/2021;07/10/2021;202139;202140;2;6;07/10/2021;202140;3;3;3;138.90;138.90;138.90;1.296;1.296;46.30
674975;975;06/10/2021;06/10/2021;202140;202140;0;0;06/10/2021;202140;0;0;0;0.00;0.00;0.00;0.000;0.000;0.00
674976;975;06/10/2021;06/10/2021;202140;202140;1;3;06/10/2021;202140;3;3;3;54.90;54.90;54.90;0.798;0.798;18.30
674979;975;04/10/2021;04/10/2021;202140;202140;1;4;04/10/2021;202140;4;4;4;73.20;73.20;73.20;1.064;1.064;18.30
686160;384;30/09/2021;07/10/2021;202139;202140;2;4;07/10/2021;202140;2;2;2;114.58;114.58;114.58;0.900;0.900;57.29
686160;975;07/10/2021;07/10/2021;202140;202140;1;4;07/10/2021;202140;4;4;4;94.08;94.08;94.08;1.064;1.064;23.52
686160;2741;30/09/2021;14/10/2021;202139;202141;3;16;07/10/2021;202140;6;6;6;252.00;252.00;252.00;1.500;1.500;42.00
686160;2741;30/09/2021;14/10/2021;202139;202141;3;16;08/10/2021;202140;0;0;0;0.00;0.00;0.00;0.000;0.000;0.00
692293;2749;05/10/2021;26/10/2021;202140;202143;2;4;05/10/2021;202140;2;2;2;85.80;85.80;85.80;1.000;1.000;42.90
696691;4464;07/10/2021;07/10/2021;202140;202140;1;2;07/10/2021;202140;2;2;2;100.00;100.00;100.00;0.864;0.864;50.00
703501;384;04/10/2021;04/10/2021;202140;202140;1;12;04/10/2021;202140;12;12;12;687.48;687.48;687.48;5.400;5.400;57.29
703501;2741;04/10/2021;11/10/2021;202140;202141;2;6;04/10/2021;202140;3;3;3;126.00;126.00;126.00;0.750;0.750;42.00
703501;2741;04/10/2021;11/10/2021;202140;202141;2;6;05/10/2021;202140;0;0;0;0.00;0.00;0.00;0.000;0.000;0.00
703501;4464;04/10/2021;04/10/2021;202140;202140;1;2;04/10/2021;202140;2;2;2;92.60;92.60;92.60;0.864;0.864;46.30
717716;975;01/10/2021;08/10/2021;202139;202140;2;6;08/10/2021;202140;4;4;4;73.20;73.20;73.20;1.064;1.064;18.30
731040;4464;02/10/2021;06/10/2021;202139;202140;2;2;06/10/2021;202140;1;1;1;48.90;48.90;48.90;0.432;0.432;48.90
731283;4464;05/10/2021;08/10/2021;202140;202140;2;2;05/10/2021;202140;1;1;1;48.90;48.90;48.90;0.432;0.432;48.90
731283;4464;05/10/2021;08/10/2021;202140;202140;2;2;08/10/2021;202140;1;1;1;48.90;48.90;48.90;0.432;0.432;48.90
740357;975;05/10/2021;05/10/2021;202140;202140;1;4;05/10/2021;202140;4;4;4;73.20;73.20;73.20;1.064;1.064;18.30
741384;4464;06/10/2021;06/10/2021;202140;202140;1;1;06/10/2021;202140;1;1;1;48.90;48.90;48.90;0.432;0.432;48.90
743046;975;04/10/2021;08/10/2021;202140;202140;1;5;04/10/2021;202140;5;5;5;117.60;117.60;117.60;1.330;1.330;23.52
743046;975;04/10/2021;08/10/2021;202140;202140;1;5;08/10/2021;202140;0;0;0;0.00;0.00;0.00;0.000;0.000;0.00
743046;2741;04/10/2021;11/10/2021;202140;202141;2;15;04/10/2021;202140;5;5;5;210.00;210.00;210.00;1.250;1.250;42.00
743046;4464;04/10/2021;04/10/2021;202140;202140;1;2;04/10/2021;202140;2;2;2;92.60;92.60;92.60;0.864;0.864;46.30
750383;384;30/09/2021;06/10/2021;202139;202140;2;8;05/10/2021;202140;4;4;4;229.16;229.16;229.16;1.800;1.800;57.29
750383;384;30/09/2021;06/10/2021;202139;202140;2;8;06/10/2021;202140;0;0;0;0.00;0.00;0.00;0.000;0.000;0.00
750383;975;06/10/2021;06/10/2021;202140;202140;0;0;06/10/2021;202140;0;0;0;0.00;0.00;0.00;0.000;0.000;0.00
750383;2741;06/10/2021;06/10/2021;202140;202140;0;0;06/10/2021;202140;0;0;0;0.00;0.00;0.00;0.000;0.000;0.00
750383;4464;30/09/2021;05/10/2021;202139;202140;2;5;05/10/2021;202140;2;2;2;92.60;92.60;92.60;0.864;0.864;46.30
750410;4464;01/10/2021;08/10/2021;202139;202140;2;5;08/10/2021;202140;2;2;2;92.60;92.60;92.60;0.864;0.864;46.30
753267;384;30/09/2021;07/10/2021;202139;202140;2;6;07/10/2021;202140;2;2;2;114.58;114.58;114.58;0.900;0.900;57.29
753267;975;07/10/2021;07/10/2021;202140;202140;1;3;07/10/2021;202140;3;3;3;70.56;70.56;70.56;0.798;0.798;23.52
753267;2741;30/09/2021;07/10/2021;202139;202140;2;7;07/10/2021;202140;2;2;2;84.00;84.00;84.00;0.500;0.500;42.00
761305;975;04/10/2021;04/10/2021;202140;202140;1;5;04/10/2021;202140;5;5;5;108.80;108.80;108.80;1.330;1.330;21.76
761778;4464;07/10/2021;07/10/2021;202140;202140;0;0;07/10/2021;202140;0;0;0;0.00;0.00;0.00;0.000;0.000;0.00
767324;384;30/09/2021;08/10/2021;202139;202140;1;5;08/10/2021;202140;0;0;0;0.00;0.00;0.00;0.000;0.000;0.00
767324;975;30/09/2021;07/10/2021;202139;202140;2;10;07/10/2021;202140;5;5;5;117.60;117.60;117.60;1.330;1.330;23.52
767324;2741;30/09/2021;08/10/2021;202139;202140;2;11;07/10/2021;202140;5;5;5;210.00;210.00;210.00;1.250;1.250;42.00
767324;2741;30/09/2021;08/10/2021;202139;202140;2;11;08/10/2021;202140;0;0;0;0.00;0.00;0.00;0.000;0.000;0.00
773472;4464;09/10/2021;09/10/2021;202140;202140;1;2;09/10/2021;202140;2;2;2;97.80;97.80;97.80;0.864;0.864;48.90
773826;975;02/10/2021;09/10/2021;202139;202140;2;9;09/10/2021;202140;6;6;6;141.12;141.12;141.12;1.596;1.596;23.52
773826;4464;09/10/2021;09/10/2021;202140;202140;1;3;09/10/2021;202140;3;3;3;138.90;138.90;138.90;1.296;1.296;46.30
785083;384;07/10/2021;07/10/2021;202140;202140;1;3;07/10/2021;202140;3;3;3;171.87;171.87;171.87;1.350;1.350;57.29
785083;975;30/09/2021;08/10/2021;202139;202140;1;5;08/10/2021;202140;0;0;0;0.00;0.00;0.00;0.000;0.000;0.00
785083;2741;30/09/2021;07/10/2021;202139;202140;2;11;07/10/2021;202140;6;6;6;252.00;252.00;252.00;1.500;1.500;42.00
785998;384;04/10/2021;04/10/2021;202140;202140;0;0;04/10/2021;202140;0;0;0;0.00;0.00;0.00;0.000;0.000;0.00
785998;4464;02/10/2021;09/10/2021;202139;202140;2;6;09/10/2021;202140;4;4;4;185.20;185.20;185.20;1.728;1.728;46.30
787169;4464;09/10/2021;09/10/2021;202140;202140;1;1;09/10/2021;202140;1;1;1;50.00;50.00;50.00;0.432;0.432;50.00
788651;384;04/10/2021;04/10/2021;202140;202140;1;2;04/10/2021;202140;2;2;2;114.58;114.58;114.58;0.900;0.900;57.29
788651;975;04/10/2021;04/10/2021;202140;202140;1;5;04/10/2021;202140;5;5;5;117.60;117.60;117.60;1.330;1.330;23.52
788651;2741;04/10/2021;04/10/2021;202140;202140;1;3;04/10/2021;202140;3;3;3;126.00;126.00;126.00;0.750;0.750;42.00
788651;4464;04/10/2021;04/10/2021;202140;202140;1;1;04/10/2021;202140;1;1;1;46.30;46.30;46.30;0.432;0.432;46.30
792250;4464;09/10/2021;09/10/2021;202140;202140;1;4;09/10/2021;202140;4;4;4;195.60;195.60;195.60;1.728;1.728;48.90
797318;4464;04/10/2021;04/10/2021;202140;202140;0;0;04/10/2021;202140;0;0;0;0.00;0.00;0.00;0.000;0.000;0.00
801122;384;07/10/2021;07/10/2021;202140;202140;1;4;07/10/2021;202140;4;4;4;229.16;229.16;229.16;1.800;1.800;57.29
801122;975;07/10/2021;08/10/2021;202140;202140;1;8;07/10/2021;202140;8;8;8;188.16;188.16;188.16;2.128;2.128;23.52
801122;975;07/10/2021;08/10/2021;202140;202140;1;8;08/10/2021;202140;0;0;0;0.00;0.00;0.00;0.000;0.000;0.00
801122;2741;07/10/2021;07/10/2021;202140;202140;1;6;07/10/2021;202140;6;6;6;252.00;252.00;252.00;1.500;1.500;42.00
801122;4464;07/10/2021;07/10/2021;202140;202140;1;7;07/10/2021;202140;7;7;7;324.10;324.10;324.10;3.024;3.024;46.30
801123;384;09/10/2021;09/10/2021;202140;202140;1;5;09/10/2021;202140;5;5;5;286.45;286.45;286.45;2.250;2.250;57.29
801123;2741;09/10/2021;09/10/2021;202140;202140;1;5;09/10/2021;202140;5;5;5;210.00;210.00;210.00;1.250;1.250;42.00
802936;975;02/10/2021;09/10/2021;202139;202140;2;48;09/10/2021;202140;24;24;24;439.20;439.20;439.20;6.384;6.384;18.30
802953;384;04/10/2021;04/10/2021;202140;202140;1;5;04/10/2021;202140;5;5;5;286.45;286.45;286.45;2.250;2.250;57.29
802953;2741;05/10/2021;05/10/2021;202140;202140;0;0;05/10/2021;202140;0;0;0;0.00;0.00;0.00;0.000;0.000;0.00
802953;4464;04/10/2021;04/10/2021;202140;202140;1;3;04/10/2021;202140;3;3;3;138.90;138.90;138.90;1.296;1.296;46.30
813550;384;04/10/2021;04/10/2021;202140;202140;1;5;04/10/2021;202140;5;5;5;286.45;286.45;286.45;2.250;2.250;57.29
813550;975;04/10/2021;04/10/2021;202140;202140;1;10;04/10/2021;202140;10;10;10;235.20;235.20;235.20;2.660;2.660;23.52
813550;2741;04/10/2021;04/10/2021;202140;202140;1;5;04/10/2021;202140;5;5;5;210.00;210.00;210.00;1.250;1.250;42.00
815966;2749;02/10/2021;30/10/2021;202139;202143;3;6;09/10/2021;202140;1;1;1;42.90;42.90;42.90;0.500;0.500;42.90
816286;4464;02/10/2021;09/10/2021;202139;202140;2;2;09/10/2021;202140;1;1;1;50.00;50.00;50.00;0.432;0.432;50.00
823350;4464;06/10/2021;06/10/2021;202140;202140;1;2;06/10/2021;202140;2;2;2;100.00;100.00;100.00;0.864;0.864;50.00
833249;4464;30/09/2021;09/10/2021;202139;202140;2;2;09/10/2021;202140;1;1;1;50.00;50.00;50.00;0.432;0.432;50.00
838931;2749;01/10/2021;29/10/2021;202139;202143;9;44;05/10/2021;202140;5;5;5;209.50;209.50;209.50;2.500;2.500;41.90
838931;2749;01/10/2021;29/10/2021;202139;202143;9;44;08/10/2021;202140;6;6;6;251.40;251.40;251.40;3.000;3.000;41.90
896708;384;02/10/2021;08/10/2021;202139;202140;1;3;08/10/2021;202140;3;3;3;171.87;171.87;171.87;1.350;1.350;57.29
896708;2741;01/10/2021;08/10/2021;202139;202140;2;10;08/10/2021;202140;4;4;4;168.00;168.00;168.00;1.000;1.000;42.00
908543;975;09/10/2021;09/10/2021;202140;202140;1;2;09/10/2021;202140;2;2;2;36.60;36.60;36.60;0.532;0.532;18.30
950374;2749;02/10/2021;16/10/2021;202139;202141;3;5;09/10/2021;202140;2;2;2;85.80;85.80;85.80;1.000;1.000;42.90
969325;975;05/10/2021;05/10/2021;202140;202140;1;5;05/10/2021;202140;5;5;5;117.60;117.60;117.60;1.330;1.330;23.52
969325;2741;05/10/2021;05/10/2021;202140;202140;1;5;05/10/2021;202140;5;5;5;210.00;210.00;210.00;1.250;1.250;42.00
986211;4464;09/10/2021;09/10/2021;202140;202140;1;1;09/10/2021;202140;1;1;1;50.00;50.00;50.00;0.432;0.432;50.00
997837;4464;06/10/2021;06/10/2021;202140;202140;1;1;06/10/2021;202140;1;1;1;50.00;50.00;50.00;0.432;0.432;50.00
1003217;2749;02/10/2021;23/10/2021;202139;202142;4;18;09/10/2021;202140;6;6;6;251.40;251.40;251.40;3.000;3.000;41.90
1003217;4464;09/10/2021;09/10/2021;202140;202140;1;2;09/10/2021;202140;2;2;2;97.80;97.80;97.80;0.864;0.864;48.90
1004404;4464;02/10/2021;09/10/2021;202139;202140;2;3;09/10/2021;202140;1;1;1;50.00;50.00;50.00;0.432;0.432;50.00
1009962;2749;02/10/2021;23/10/2021;202139;202142;4;20;09/10/2021;202140;5;5;5;209.50;209.50;209.50;2.500;2.500;41.90
1016575;4464;05/10/2021;05/10/2021;202140;202140;1;1;05/10/2021;202140;1;1;1;48.90;48.90;48.90;0.432;0.432;48.90
1030759;4464;06/10/2021;06/10/2021;202140;202140;1;1;06/10/2021;202140;1;1;1;50.00;50.00;50.00;0.432;0.432;50.00
1033275;4464;05/10/2021;05/10/2021;202140;202140;1;2;05/10/2021;202140;2;2;2;97.80;97.80;97.80;0.864;0.864;48.90
1082598;975;06/10/2021;06/10/2021;202140;202140;1;3;06/10/2021;202140;3;3;3;54.90;54.90;54.90;0.798;0.798;18.30
1088855;2749;05/10/2021;12/10/2021;202140;202141;2;5;05/10/2021;202140;1;1;1;41.90;41.90;41.90;0.500;0.500;41.90
1089624;4464;08/10/2021;08/10/2021;202140;202140;1;1;08/10/2021;202140;1;1;1;47.48;47.48;47.48;0.432;0.432;47.48
1095983;975;09/10/2021;09/10/2021;202140;202140;1;5;09/10/2021;202140;5;5;5;91.50;91.50;91.50;1.330;1.330;18.30
1112916;2741;05/10/2021;05/10/2021;202140;202140;1;5;05/10/2021;202140;5;5;5;210.00;210.00;210.00;1.250;1.250;42.00
1112916;4464;05/10/2021;05/10/2021;202140;202140;1;3;05/10/2021;202140;3;3;3;138.90;138.90;138.90;1.296;1.296;46.30
1163184;2749;04/10/2021;18/10/2021;202140;202142;3;3;04/10/2021;202140;1;1;1;42.90;42.90;42.90;0.500;0.500;42.90
1166913;2749;02/10/2021;23/10/2021;202139;202142;3;3;09/10/2021;202140;1;1;1;42.90;42.90;42.90;0.500;0.500;42.90
1193331;2749;05/10/2021;19/10/2021;202140;202142;2;23;05/10/2021;202140;13;13;13;544.70;544.70;544.70;6.500;6.500;41.90
1204980;975;06/10/2021;06/10/2021;202140;202140;1;3;06/10/2021;202140;3;3;3;54.90;54.90;54.90;0.798;0.798;18.30
1204981;975;06/10/2021;06/10/2021;202140;202140;1;6;06/10/2021;202140;6;6;6;109.80;109.80;109.80;1.596;1.596;18.30
1223070;975;05/10/2021;05/10/2021;202140;202140;1;2;05/10/2021;202140;2;2;2;36.60;36.60;36.60;0.532;0.532;18.30
1244866;975;04/10/2021;04/10/2021;202140;202140;1;3;04/10/2021;202140;3;3;3;65.28;65.28;65.28;0.798;0.798;21.76
1265012;975;06/10/2021;06/10/2021;202140;202140;1;5;06/10/2021;202140;5;5;5;117.60;117.60;117.60;1.330;1.330;23.52
1265013;2741;06/10/2021;08/10/2021;202140;202140;1;4;06/10/2021;202140;4;4;4;168.00;168.00;168.00;1.000;1.000;42.00
1265013;2741;06/10/2021;08/10/2021;202140;202140;1;4;08/10/2021;202140;0;0;0;0.00;0.00;0.00;0.000;0.000;0.00
1303476;975;02/10/2021;09/10/2021;202139;202140;2;6;09/10/2021;202140;3;3;3;54.90;54.90;54.90;0.798;0.798;18.30
1312059;2741;30/09/2021;08/10/2021;202139;202140;1;5;06/10/2021;202140;5;5;5;210.00;210.00;210.00;1.250;1.250;42.00
1312059;2741;30/09/2021;08/10/2021;202139;202140;1;5;08/10/2021;202140;0;0;0;0.00;0.00;0.00;0.000;0.000;0.00
1384881;2749;02/10/2021;09/10/2021;202139;202140;2;3;09/10/2021;202140;1;1;1;41.90;41.90;41.90;0.500;0.500;41.90
6727320;975;04/10/2021;04/10/2021;202140;202140;1;2;04/10/2021;202140;2;2;2;36.60;36.60;36.60;0.532;0.532;18.30
6727321;975;05/10/2021;05/10/2021;202140;202140;1;2;05/10/2021;202140;2;2;2;36.60;36.60;36.60;0.532;0.532;18.30
6735575;2749;05/10/2021;19/10/2021;202140;202142;3;10;05/10/2021;202140;3;3;3;128.70;128.70;128.70;1.500;1.500;42.90
6771186;2749;01/10/2021;08/10/2021;202139;202140;2;4;08/10/2021;202140;2;2;2;85.80;85.80;85.80;1.000;1.000;42.90
6777231;2749;09/10/2021;09/10/2021;202140;202140;1;2;09/10/2021;202140;2;2;2;85.80;85.80;85.80;1.000;1.000;42.90
6787888;384;04/10/2021;04/10/2021;202140;202140;1;5;04/10/2021;202140;5;5;5;286.45;286.45;286.45;2.250;2.250;57.29
6787888;975;04/10/2021;04/10/2021;202140;202140;1;5;04/10/2021;202140;5;5;5;117.60;117.60;117.60;1.330;1.330;23.52
6787888;2741;04/10/2021;04/10/2021;202140;202140;1;5;04/10/2021;202140;5;5;5;210.00;210.00;210.00;1.250;1.250;42.00
6787889;384;07/10/2021;07/10/2021;202140;202140;1;2;07/10/2021;202140;2;2;2;114.58;114.58;114.58;0.900;0.900;57.29
6787889;975;07/10/2021;07/10/2021;202140;202140;1;3;07/10/2021;202140;3;3;3;70.56;70.56;70.56;0.798;0.798;23.52
6787889;2741;30/09/2021;08/10/2021;202139;202140;1;2;08/10/2021;202140;0;0;0;0.00;0.00;0.00;0.000;0.000;0.00
6863393;384;04/10/2021;04/10/2021;202140;202140;1;10;04/10/2021;202140;10;10;10;572.90;572.90;572.90;4.500;4.500;57.29
7041539;975;09/10/2021;09/10/2021;202140;202140;1;2;09/10/2021;202140;2;2;2;36.60;36.60;36.60;0.532;0.532;18.30
7065584;2741;30/09/2021;08/10/2021;202139;202140;1;10;08/10/2021;202140;0;0;0;0.00;0.00;0.00;0.000;0.000;0.00
7065586;384;02/10/2021;09/10/2021;202139;202140;2;6;09/10/2021;202140;3;3;3;171.87;171.87;171.87;1.350;1.350;57.29
7098518;384;07/10/2021;08/10/2021;202140;202140;1;3;07/10/2021;202140;3;3;3;171.87;171.87;171.87;1.350;1.350;57.29
7098518;384;07/10/2021;08/10/2021;202140;202140;1;3;08/10/2021;202140;0;0;0;0.00;0.00;0.00;0.000;0.000;0.00
7098519;384;30/09/2021;08/10/2021;202139;202140;3;54;05/10/2021;202140;17;17;17;848.30;848.30;848.30;7.650;7.650;49.90
7098519;384;30/09/2021;08/10/2021;202139;202140;3;54;07/10/2021;202140;22;22;22;1097.80;1097.80;1097.80;9.900;9.900;49.90
7098519;384;30/09/2021;08/10/2021;202139;202140;3;54;08/10/2021;202140;0;0;0;0.00;0.00;0.00;0.000;0.000;0.00
7101181;384;04/10/2021;04/10/2021;202140;202140;1;6;04/10/2021;202140;6;6;6;343.74;343.74;343.74;2.700;2.700;57.29
7101181;2741;04/10/2021;04/10/2021;202140;202140;1;8;04/10/2021;202140;8;8;8;336.00;336.00;336.00;2.000;2.000;42.00
7131000;384;05/10/2021;05/10/2021;202140;202140;1;10;05/10/2021;202140;10;10;10;572.90;572.90;572.90;4.500;4.500;57.29
7131000;2741;05/10/2021;05/10/2021;202140;202140;1;10;05/10/2021;202140;10;10;10;420.00;420.00;420.00;2.500;2.500;42.00
7183009;384;04/10/2021;04/10/2021;202140;202140;1;3;04/10/2021;202140;3;3;3;171.87;171.87;171.87;1.350;1.350;57.29
7183009;2741;05/10/2021;05/10/2021;202140;202140;0;0;05/10/2021;202140;0;0;0;0.00;0.00;0.00;0.000;0.000;0.00
7184037;384;02/10/2021;09/10/2021;202139;202140;2;5;09/10/2021;202140;3;3;3;171.87;171.87;171.87;1.350;1.350;57.29
7184037;2741;05/10/2021;09/10/2021;202140;202140;1;2;05/10/2021;202140;0;0;0;0.00;0.00;0.00;0.000;0.000;0.00
7184037;2741;05/10/2021;09/10/2021;202140;202140;1;2;09/10/2021;202140;2;2;2;84.00;84.00;84.00;0.500;0.500;42.00
7187401;384;04/10/2021;04/10/2021;202140;202140;1;6;04/10/2021;202140;6;6;6;343.74;343.74;343.74;2.700;2.700;57.29
7187401;2741;04/10/2021;05/10/2021;202140;202140;1;6;04/10/2021;202140;6;6;6;252.00;252.00;252.00;1.500;1.500;42.00
7187401;2741;04/10/2021;05/10/2021;202140;202140;1;6;05/10/2021;202140;0;0;0;0.00;0.00;0.00;0.000;0.000;0.00
7195597;384;30/09/2021;07/10/2021;202139;202140;2;11;07/10/2021;202140;2;2;2;114.58;114.58;114.58;0.900;0.900;57.29
7195597;2741;30/09/2021;07/10/2021;202139;202140;2;22;07/10/2021;202140;10;10;10;420.00;420.00;420.00;2.500;2.500;42.00
7226883;2741;07/10/2021;07/10/2021;202140;202140;1;5;07/10/2021;202140;5;5;5;210.00;210.00;210.00;1.250;1.250;42.00
7236976;384;06/10/2021;06/10/2021;202140;202140;0;0;06/10/2021;202140;0;0;0;0.00;0.00;0.00;0.000;0.000;0.00
7251436;384;08/10/2021;08/10/2021;202140;202140;1;2;08/10/2021;202140;2;2;2;114.58;114.58;114.58;0.900;0.900;57.29
7253946;384;01/10/2021;08/10/2021;202139;202140;2;14;08/10/2021;202140;6;6;6;343.74;343.74;343.74;2.700;2.700;57.29
7253946;2741;01/10/2021;08/10/2021;202139;202140;2;6;08/10/2021;202140;2;2;2;84.00;84.00;84.00;0.500;0.500;42.00
7264362;2741;08/10/2021;08/10/2021;202140;202140;1;5;08/10/2021;202140;5;5;5;210.00;210.00;210.00;1.250;1.250;42.00
7288954;384;05/10/2021;05/10/2021;202140;202140;1;6;05/10/2021;202140;6;6;6;343.74;343.74;343.74;2.700;2.700;57.29
7315870;384;30/09/2021;06/10/2021;202139;202140;2;7;05/10/2021;202140;4;4;4;229.16;229.16;229.16;1.800;1.800;57.29
7315870;384;30/09/2021;06/10/2021;202139;202140;2;7;06/10/2021;202140;0;0;0;0.00;0.00;0.00;0.000;0.000;0.00
7379624;384;08/10/2021;08/10/2021;202140;202140;1;8;08/10/2021;202140;8;8;8;458.32;458.32;458.32;3.600;3.600;57.29
7379624;2741;08/10/2021;08/10/2021;202140;202140;1;10;08/10/2021;202140;10;10;10;420.00;420.00;420.00;2.500;2.500;42.00
7464610;2749;02/10/2021;23/10/2021;202139;202142;4;7;09/10/2021;202140;1;1;1;42.90;42.90;42.90;0.500;0.500;42.90
7498225;384;30/09/2021;07/10/2021;202139;202140;2;7;07/10/2021;202140;3;3;3;171.87;171.87;171.87;1.350;1.350;57.29
7498225;2741;30/09/2021;08/10/2021;202139;202140;2;12;07/10/2021;202140;6;6;6;252.00;252.00;252.00;1.500;1.500;42.00
7498225;2741;30/09/2021;08/10/2021;202139;202140;2;12;08/10/2021;202140;0;0;0;0.00;0.00;0.00;0.000;0.000;0.00
7504173;384;05/10/2021;05/10/2021;202140;202140;1;4;05/10/2021;202140;4;4;4;229.16;229.16;229.16;1.800;1.800;57.29
7504173;2741;06/10/2021;06/10/2021;202140;202140;0;0;06/10/2021;202140;0;0;0;0.00;0.00;0.00;0.000;0.000;0.00
7504174;384;30/09/2021;07/10/2021;202139;202140;2;12;07/10/2021;202140;4;4;4;229.16;229.16;229.16;1.800;1.800;57.29
7504174;2741;30/09/2021;08/10/2021;202139;202140;2;14;07/10/2021;202140;2;2;2;84.00;84.00;84.00;0.500;0.500;42.00
7504174;2741;30/09/2021;08/10/2021;202139;202140;2;14;08/10/2021;202140;0;0;0;0.00;0.00;0.00;0.000;0.000;0.00
7537112;384;04/10/2021;04/10/2021;202140;202140;1;5;04/10/2021;202140;5;5;5;286.45;286.45;286.45;2.250;2.250;57.29
7537112;2741;04/10/2021;04/10/2021;202140;202140;1;8;04/10/2021;202140;8;8;8;336.00;336.00;336.00;2.000;2.000;42.00
7543317;384;04/10/2021;04/10/2021;202140;202140;1;6;04/10/2021;202140;6;6;6;343.74;343.74;343.74;2.700;2.700;57.29
7543317;2741;04/10/2021;04/10/2021;202140;202140;1;3;04/10/2021;202140;3;3;3;126.00;126.00;126.00;0.750;0.750;42.00
7558898;384;04/10/2021;04/10/2021;202140;202140;1;5;04/10/2021;202140;5;5;5;286.45;286.45;286.45;2.250;2.250;57.29
7558898;2741;05/10/2021;05/10/2021;202140;202140;0;0;05/10/2021;202140;0;0;0;0.00;0.00;0.00;0.000;0.000;0.00
7612226;384;07/10/2021;07/10/2021;202140;202140;1;4;07/10/2021;202140;4;4;4;229.16;229.16;229.16;1.800;1.800;57.29
7612226;2741;07/10/2021;07/10/2021;202140;202140;1;4;07/10/2021;202140;4;4;4;168.00;168.00;168.00;1.000;1.000;42.00
7613955;384;04/10/2021;05/10/2021;202140;202140;1;8;04/10/2021;202140;8;8;8;458.32;458.32;458.32;3.600;3.600;57.29
7613955;384;04/10/2021;05/10/2021;202140;202140;1;8;05/10/2021;202140;0;0;0;0.00;0.00;0.00;0.000;0.000;0.00
7613955;2741;04/10/2021;04/10/2021;202140;202140;1;5;04/10/2021;202140;5;5;5;210.00;210.00;210.00;1.250;1.250;42.00
7626826;384;30/09/2021;07/10/2021;202139;202140;2;22;07/10/2021;202140;10;10;10;572.90;572.90;572.90;4.500;4.500;57.29
7699415;384;30/09/2021;07/10/2021;202139;202140;3;36;05/10/2021;202140;3;3;3;149.70;149.70;149.70;1.350;1.350;49.90
7699415;384;30/09/2021;07/10/2021;202139;202140;3;36;07/10/2021;202140;7;7;7;349.30;349.30;349.30;3.150;3.150;49.90
7719599;384;30/09/2021;07/10/2021;202139;202140;3;47;05/10/2021;202140;30;30;30;1497.00;1497.00;1497.00;13.500;13.500;49.90
7719599;384;30/09/2021;07/10/2021;202139;202140;3;47;07/10/2021;202140;6;6;6;299.40;299.40;299.40;2.700;2.700;49.90
7753164;2749;09/10/2021;23/10/2021;202140;202142;3;3;09/10/2021;202140;1;1;1;42.90;42.90;42.90;0.500;0.500;42.90
7753562;384;30/09/2021;07/10/2021;202139;202140;2;15;07/10/2021;202140;10;10;10;572.90;572.90;572.90;4.500;4.500;57.29
7753562;2741;30/09/2021;07/10/2021;202139;202140;2;28;07/10/2021;202140;12;12;12;504.00;504.00;504.00;3.000;3.000;42.00
7754091;2741;04/10/2021;04/10/2021;202140;202140;1;6;04/10/2021;202140;6;6;6;252.00;252.00;252.00;1.500;1.500;42.00
7779573;2749;09/10/2021;09/10/2021;202140;202140;1;1;09/10/2021;202140;1;1;1;42.90;42.90;42.90;0.500;0.500;42.90
7790038;2749;05/10/2021;22/10/2021;202140;202142;4;17;05/10/2021;202140;5;5;5;209.50;209.50;209.50;2.500;2.500;41.90
7796948;384;04/10/2021;04/10/2021;202140;202140;1;6;04/10/2021;202140;6;6;6;343.74;343.74;343.74;2.700;2.700;57.29
7796948;2741;05/10/2021;05/10/2021;202140;202140;0;0;05/10/2021;202140;0;0;0;0.00;0.00;0.00;0.000;0.000;0.00
7825720;384;04/10/2021;04/10/2021;202140;202140;1;10;04/10/2021;202140;10;10;10;572.90;572.90;572.90;4.500;4.500;57.29
7825720;2741;04/10/2021;04/10/2021;202140;202140;1;10;04/10/2021;202140;10;10;10;420.00;420.00;420.00;2.500;2.500;42.00
7827741;384;02/10/2021;09/10/2021;202139;202140;2;4;09/10/2021;202140;2;2;2;114.58;114.58;114.58;0.900;0.900;57.29
7827741;2741;09/10/2021;09/10/2021;202140;202140;1;1;09/10/2021;202140;1;1;1;42.00;42.00;42.00;0.250;0.250;42.00
7827742;384;06/10/2021;06/10/2021;202140;202140;1;3;06/10/2021;202140;3;3;3;171.87;171.87;171.87;1.350;1.350;57.29
7827742;2741;06/10/2021;06/10/2021;202140;202140;1;5;06/10/2021;202140;5;5;5;210.00;210.00;210.00;1.250;1.250;42.00
323606;384;30/09/2021;12/10/2021;202139;202141;4;118;11/10/2021;202141;40;40;40;2279.20;2279.20;2279.20;18.000;18.000;56.98
323606;384;30/09/2021;12/10/2021;202139;202141;4;118;12/10/2021;202141;0;0;0;0.00;0.00;0.00;0.000;0.000;0.00
323606;542;30/09/2021;11/04/2022;202139;202215;49;1659;11/10/2021;202141;30;30;30;1952.40;1952.40;1952.40;7.500;7.500;65.08
323606;542;30/09/2021;11/04/2022;202139;202215;49;1659;12/10/2021;202141;0;0;0;0.00;0.00;0.00;0.000;0.000;0.00
323606;542;30/09/2021;11/04/2022;202139;202215;49;1659;14/10/2021;202141;46;46;46;2993.68;2993.68;2993.68;11.500;11.500;65.08
323606;542;30/09/2021;11/04/2022;202139;202215;49;1659;15/10/2021;202141;0;0;0;0.00;0.00;0.00;0.000;0.000;0.00
323606;2741;30/09/2021;15/10/2021;202139;202141;3;41;14/10/2021;202141;16;16;16;737.44;737.44;737.44;4.000;4.000;46.09
323606;2741;30/09/2021;15/10/2021;202139;202141;3;41;15/10/2021;202141;0;0;0;0.00;0.00;0.00;0.000;0.000;0.00
323606;2749;30/09/2021;29/10/2021;202139;202143;8;250;11/10/2021;202141;44;44;44;2017.84;2017.84;2017.84;22.000;22.000;45.86
323606;2749;30/09/2021;29/10/2021;202139;202143;8;250;12/10/2021;202141;0;0;0;0.00;0.00;0.00;0.000;0.000;0.00
323606;2749;30/09/2021;29/10/2021;202139;202143;8;250;14/10/2021;202141;14;14;14;642.04;642.04;642.04;7.000;7.000;45.86
323606;2749;30/09/2021;29/10/2021;202139;202143;8;250;15/10/2021;202141;0;0;0;0.00;0.00;0.00;0.000;0.000;0.00
614188;384;04/10/2021;11/10/2021;202140;202141;2;7;11/10/2021;202141;2;2;2;114.58;114.58;114.58;0.900;0.900;57.29
614189;384;01/10/2021;14/10/2021;202139;202141;1;8;14/10/2021;202141;8;8;8;458.32;458.32;458.32;3.600;3.600;57.29
614189;2741;30/09/2021;14/10/2021;202139;202141;2;18;14/10/2021;202141;10;10;10;420.00;420.00;420.00;2.500;2.500;42.00
614190;2741;30/09/2021;15/10/2021;202139;202141;2;10;14/10/2021;202141;5;5;5;210.00;210.00;210.00;1.250;1.250;42.00
614190;2741;30/09/2021;15/10/2021;202139;202141;2;10;15/10/2021;202141;0;0;0;0.00;0.00;0.00;0.000;0.000;0.00
614191;2741;11/10/2021;16/10/2021;202141;202141;1;4;11/10/2021;202141;0;0;0;0.00;0.00;0.00;0.000;0.000;0.00
614191;2741;11/10/2021;16/10/2021;202141;202141;1;4;16/10/2021;202141;4;4;4;168.00;168.00;168.00;1.000;1.000;42.00
614759;2749;30/09/2021;28/10/2021;202139;202143;5;48;11/10/2021;202141;11;11;11;460.90;460.90;460.90;5.500;5.500;41.90
662471;2749;09/10/2021;30/10/2021;202140;202143;4;13;16/10/2021;202141;2;2;2;85.80;85.80;85.80;1.000;1.000;42.90
668429;2741;30/09/2021;15/10/2021;202139;202141;2;10;15/10/2021;202141;0;0;0;0.00;0.00;0.00;0.000;0.000;0.00
686160;2741;30/09/2021;14/10/2021;202139;202141;3;16;14/10/2021;202141;3;3;3;126.00;126.00;126.00;0.750;0.750;42.00
703501;2741;04/10/2021;11/10/2021;202140;202141;2;6;11/10/2021;202141;3;3;3;126.00;126.00;126.00;0.750;0.750;42.00
731754;2741;13/10/2021;13/10/2021;202141;202141;1;10;13/10/2021;202141;10;10;10;420.00;420.00;420.00;2.500;2.500;42.00
743046;2741;04/10/2021;11/10/2021;202140;202141;2;15;11/10/2021;202141;10;10;10;420.00;420.00;420.00;2.500;2.500;42.00
838931;2749;01/10/2021;29/10/2021;202139;202143;9;44;12/10/2021;202141;1;1;1;41.90;41.90;41.90;0.500;0.500;41.90
838931;2749;01/10/2021;29/10/2021;202139;202143;9;44;15/10/2021;202141;3;3;3;125.70;125.70;125.70;1.500;1.500;41.90
950374;2749;02/10/2021;16/10/2021;202139;202141;3;5;16/10/2021;202141;2;2;2;85.80;85.80;85.80;1.000;1.000;42.90
1003217;2749;02/10/2021;23/10/2021;202139;202142;4;18;16/10/2021;202141;2;2;2;83.80;83.80;83.80;1.000;1.000;41.90
1009962;2749;02/10/2021;23/10/2021;202139;202142;4;20;16/10/2021;202141;5;5;5;209.50;209.50;209.50;2.500;2.500;41.90
1088855;2749;05/10/2021;12/10/2021;202140;202141;2;5;12/10/2021;202141;4;4;4;167.60;167.60;167.60;2.000;2.000;41.90
1089104;2749;16/10/2021;16/10/2021;202141;202141;1;4;16/10/2021;202141;4;4;4;171.60;171.60;171.60;2.000;2.000;42.90
1163184;2749;04/10/2021;18/10/2021;202140;202142;3;3;11/10/2021;202141;1;1;1;42.90;42.90;42.90;0.500;0.500;42.90
1189409;2749;16/10/2021;23/10/2021;202141;202142;2;4;16/10/2021;202141;2;2;2;85.80;85.80;85.80;1.000;1.000;42.90
1202476;2749;16/10/2021;16/10/2021;202141;202141;1;5;16/10/2021;202141;5;5;5;214.50;214.50;214.50;2.500;2.500;42.90
1277287;2749;02/10/2021;16/10/2021;202139;202141;2;2;16/10/2021;202141;1;1;1;42.90;42.90;42.90;0.500;0.500;42.90
6735575;2749;05/10/2021;19/10/2021;202140;202142;3;10;12/10/2021;202141;4;4;4;171.60;171.60;171.60;2.000;2.000;42.90
7427440;2749;12/10/2021;19/10/2021;202141;202142;2;5;12/10/2021;202141;3;3;3;128.70;128.70;128.70;1.500;1.500;42.90
7464610;2749;02/10/2021;23/10/2021;202139;202142;4;7;16/10/2021;202141;1;1;1;42.90;42.90;42.90;0.500;0.500;42.90
7541224;2749;15/10/2021;22/10/2021;202141;202142;2;7;15/10/2021;202141;4;4;4;171.60;171.60;171.60;2.000;2.000;42.90
7753164;2749;09/10/2021;23/10/2021;202140;202142;3;3;16/10/2021;202141;1;1;1;42.90;42.90;42.90;0.500;0.500;42.90
7790038;2749;05/10/2021;22/10/2021;202140;202142;4;17;12/10/2021;202141;4;4;4;167.60;167.60;167.60;2.000;2.000;41.90
323606;542;30/09/2021;11/04/2022;202139;202215;49;1659;18/10/2021;202142;22;22;22;1431.76;1431.76;1431.76;5.500;5.500;65.08
323606;542;30/09/2021;11/04/2022;202139;202215;49;1659;19/10/2021;202142;0;0;0;0.00;0.00;0.00;0.000;0.000;0.00
323606;542;30/09/2021;11/04/2022;202139;202215;49;1659;21/10/2021;202142;24;24;24;1561.92;1561.92;1561.92;6.000;6.000;65.08
323606;542;30/09/2021;11/04/2022;202139;202215;49;1659;22/10/2021;202142;0;0;0;0.00;0.00;0.00;0.000;0.000;0.00
323606;2749;30/09/2021;29/10/2021;202139;202143;8;250;18/10/2021;202142;33;33;33;1513.38;1513.38;1513.38;16.500;16.500;45.86
323606;2749;30/09/2021;29/10/2021;202139;202143;8;250;19/10/2021;202142;0;0;0;0.00;0.00;0.00;0.000;0.000;0.00
613481;2749;18/10/2021;18/10/2021;202142;202142;1;2;18/10/2021;202142;2;2;2;85.80;85.80;85.80;1.000;1.000;42.90
614759;2749;30/09/2021;28/10/2021;202139;202143;5;48;21/10/2021;202142;11;11;11;460.90;460.90;460.90;5.500;5.500;41.90
662471;2749;09/10/2021;30/10/2021;202140;202143;4;13;23/10/2021;202142;4;4;4;171.60;171.60;171.60;2.000;2.000;42.90
823416;2749;18/10/2021;25/10/2021;202142;202143;2;2;18/10/2021;202142;1;1;1;42.90;42.90;42.90;0.500;0.500;42.90
838931;2749;01/10/2021;29/10/2021;202139;202143;9;44;19/10/2021;202142;5;5;5;209.50;209.50;209.50;2.500;2.500;41.90
838931;2749;01/10/2021;29/10/2021;202139;202143;9;44;22/10/2021;202142;5;5;5;209.50;209.50;209.50;2.500;2.500;41.90
990689;2749;18/10/2021;25/10/2021;202142;202143;1;2;18/10/2021;202142;0;0;0;0.00;0.00;0.00;0.000;0.000;0.00
1003217;2749;02/10/2021;23/10/2021;202139;202142;4;18;23/10/2021;202142;8;8;8;335.20;335.20;335.20;4.000;4.000;41.90
1009962;2749;02/10/2021;23/10/2021;202139;202142;4;20;23/10/2021;202142;5;5;5;209.50;209.50;209.50;2.500;2.500;41.90
1163184;2749;04/10/2021;18/10/2021;202140;202142;3;3;18/10/2021;202142;1;1;1;42.90;42.90;42.90;0.500;0.500;42.90
1166913;2749;02/10/2021;23/10/2021;202139;202142;3;3;23/10/2021;202142;1;1;1;42.90;42.90;42.90;0.500;0.500;42.90
1189409;2749;16/10/2021;23/10/2021;202141;202142;2;4;23/10/2021;202142;2;2;2;85.80;85.80;85.80;1.000;1.000;42.90
1193331;2749;05/10/2021;19/10/2021;202140;202142;2;23;19/10/2021;202142;10;10;10;419.00;419.00;419.00;5.000;5.000;41.90
6735575;2749;05/10/2021;19/10/2021;202140;202142;3;10;19/10/2021;202142;3;3;3;128.70;128.70;128.70;1.500;1.500;42.90
7427440;2749;12/10/2021;19/10/2021;202141;202142;2;5;19/10/2021;202142;2;2;2;85.80;85.80;85.80;1.000;1.000;42.90
7464610;2749;02/10/2021;23/10/2021;202139;202142;4;7;23/10/2021;202142;2;2;2;85.80;85.80;85.80;1.000;1.000;42.90
7541224;2749;15/10/2021;22/10/2021;202141;202142;2;7;22/10/2021;202142;3;3;3;128.70;128.70;128.70;1.500;1.500;42.90
7751332;2749;21/10/2021;21/10/2021;202142;202142;1;2;21/10/2021;202142;2;2;2;85.80;85.80;85.80;1.000;1.000;42.90
7753164;2749;09/10/2021;23/10/2021;202140;202142;3;3;23/10/2021;202142;1;1;1;42.90;42.90;42.90;0.500;0.500;42.90
7790038;2749;05/10/2021;22/10/2021;202140;202142;4;17;19/10/2021;202142;5;5;5;209.50;209.50;209.50;2.500;2.500;41.90
7790038;2749;05/10/2021;22/10/2021;202140;202142;4;17;22/10/2021;202142;3;3;3;125.70;125.70;125.70;1.500;1.500;41.90
323606;542;30/09/2021;11/04/2022;202139;202215;49;1659;25/10/2021;202143;14;14;14;911.12;911.12;911.12;3.500;3.500;65.08
323606;542;30/09/2021;11/04/2022;202139;202215;49;1659;26/10/2021;202143;0;0;0;0.00;0.00;0.00;0.000;0.000;0.00
323606;542;30/09/2021;11/04/2022;202139;202215;49;1659;28/10/2021;202143;41;41;41;2668.28;2668.28;2668.28;10.250;10.250;65.08
323606;542;30/09/2021;11/04/2022;202139;202215;49;1659;29/10/2021;202143;0;0;0;0.00;0.00;0.00;0.000;0.000;0.00
323606;2749;30/09/2021;29/10/2021;202139;202143;8;250;25/10/2021;202143;37;37;37;1696.82;1696.82;1696.82;18.500;18.500;45.86
323606;2749;30/09/2021;29/10/2021;202139;202143;8;250;26/10/2021;202143;0;0;0;0.00;0.00;0.00;0.000;0.000;0.00
323606;2749;30/09/2021;29/10/2021;202139;202143;8;250;28/10/2021;202143;45;45;45;2063.70;2063.70;2063.70;22.500;22.500;45.86
323606;2749;30/09/2021;29/10/2021;202139;202143;8;250;29/10/2021;202143;0;0;0;0.00;0.00;0.00;0.000;0.000;0.00
612630;2749;30/10/2021;30/10/2021;202143;202143;1;1;30/10/2021;202143;1;1;1;41.90;41.90;41.90;0.500;0.500;41.90
613597;2749;09/10/2021;30/10/2021;202140;202143;2;6;30/10/2021;202143;3;3;3;128.70;128.70;128.70;1.500;1.500;42.90
614759;2749;30/09/2021;28/10/2021;202139;202143;5;48;25/10/2021;202143;4;4;4;167.60;167.60;167.60;2.000;2.000;41.90
614759;2749;30/09/2021;28/10/2021;202139;202143;5;48;28/10/2021;202143;11;11;11;460.90;460.90;460.90;5.500;5.500;41.90
662471;2749;09/10/2021;30/10/2021;202140;202143;4;13;30/10/2021;202143;3;3;3;128.70;128.70;128.70;1.500;1.500;42.90
692293;2749;05/10/2021;26/10/2021;202140;202143;2;4;26/10/2021;202143;2;2;2;85.80;85.80;85.80;1.000;1.000;42.90
815966;2749;02/10/2021;30/10/2021;202139;202143;3;6;30/10/2021;202143;3;3;3;128.70;128.70;128.70;1.500;1.500;42.90
823416;2749;18/10/2021;25/10/2021;202142;202143;2;2;25/10/2021;202143;1;1;1;42.90;42.90;42.90;0.500;0.500;42.90
838931;2749;01/10/2021;29/10/2021;202139;202143;9;44;26/10/2021;202143;4;4;4;167.60;167.60;167.60;2.000;2.000;41.90
838931;2749;01/10/2021;29/10/2021;202139;202143;9;44;29/10/2021;202143;5;5;5;209.50;209.50;209.50;2.500;2.500;41.90
990689;2749;18/10/2021;25/10/2021;202142;202143;1;2;25/10/2021;202143;2;2;2;85.80;85.80;85.80;1.000;1.000;42.90
323606;542;30/09/2021;11/04/2022;202139;202215;49;1659;01/11/2021;202144;16;16;16;1041.28;1041.28;1041.28;4.000;4.000;65.08
323606;542;30/09/2021;11/04/2022;202139;202215;49;1659;02/11/2021;202144;0;0;0;0.00;0.00;0.00;0.000;0.000;0.00
323606;542;30/09/2021;11/04/2022;202139;202215;49;1659;04/11/2021;202144;43;43;43;2798.44;2798.44;2798.44;10.750;10.750;65.08
323606;542;30/09/2021;11/04/2022;202139;202215;49;1659;05/11/2021;202144;0;0;0;0.00;0.00;0.00;0.000;0.000;0.00
323606;542;30/09/2021;11/04/2022;202139;202215;49;1659;08/11/2021;202145;16;16;16;1041.28;1041.28;1041.28;4.000;4.000;65.08
323606;542;30/09/2021;11/04/2022;202139;202215;49;1659;09/11/2021;202145;0;0;0;0.00;0.00;0.00;0.000;0.000;0.00
323606;542;30/09/2021;11/04/2022;202139;202215;49;1659;11/11/2021;202145;45;45;45;2928.60;2928.60;2928.60;11.250;11.250;65.08
323606;542;30/09/2021;11/04/2022;202139;202215;49;1659;12/11/2021;202145;0;0;0;0.00;0.00;0.00;0.000;0.000;0.00
323606;542;30/09/2021;11/04/2022;202139;202215;49;1659;15/11/2021;202146;13;13;13;846.04;846.04;846.04;3.250;3.250;65.08
323606;542;30/09/2021;11/04/2022;202139;202215;49;1659;16/11/2021;202146;0;0;0;0.00;0.00;0.00;0.000;0.000;0.00
323606;542;30/09/2021;11/04/2022;202139;202215;49;1659;18/11/2021;202146;55;55;55;3579.40;3579.40;3579.40;13.750;13.750;65.08
323606;542;30/09/2021;11/04/2022;202139;202215;49;1659;19/11/2021;202146;0;0;0;0.00;0.00;0.00;0.000;0.000;0.00
323606;542;30/09/2021;11/04/2022;202139;202215;49;1659;22/11/2021;202147;38;38;38;2473.04;2473.04;2473.04;9.500;9.500;65.08
323606;542;30/09/2021;11/04/2022;202139;202215;49;1659;23/11/2021;202147;0;0;0;0.00;0.00;0.00;0.000;0.000;0.00
323606;542;30/09/2021;11/04/2022;202139;202215;49;1659;25/11/2021;202147;49;49;49;3188.92;3188.92;3188.92;12.250;12.250;65.08
323606;542;30/09/2021;11/04/2022;202139;202215;49;1659;26/11/2021;202147;0;0;0;0.00;0.00;0.00;0.000;0.000;0.00
323606;542;30/09/2021;11/04/2022;202139;202215;49;1659;29/11/2021;202148;55;55;55;3579.40;3579.40;3579.40;13.750;13.750;65.08
323606;542;30/09/2021;11/04/2022;202139;202215;49;1659;30/11/2021;202148;0;0;0;0.00;0.00;0.00;0.000;0.000;0.00
323606;542;30/09/2021;11/04/2022;202139;202215;49;1659;06/12/2021;202149;35;35;35;2277.80;2277.80;2277.80;8.750;8.750;65.08
323606;542;30/09/2021;11/04/2022;202139;202215;49;1659;07/12/2021;202149;0;0;0;0.00;0.00;0.00;0.000;0.000;0.00
323606;542;30/09/2021;11/04/2022;202139;202215;49;1659;09/12/2021;202149;90;90;90;5857.20;5857.20;5857.20;22.500;22.500;65.08
323606;542;30/09/2021;11/04/2022;202139;202215;49;1659;10/12/2021;202149;0;0;0;0.00;0.00;0.00;0.000;0.000;0.00
323606;542;30/09/2021;11/04/2022;202139;202215;49;1659;11/12/2021;202149;0;0;0;0.00;0.00;0.00;0.000;0.000;0.00
323606;542;30/09/2021;11/04/2022;202139;202215;49;1659;16/12/2021;202150;34;34;34;2212.72;2212.72;2212.72;8.500;8.500;65.08
323606;542;30/09/2021;11/04/2022;202139;202215;49;1659;17/12/2021;202150;0;0;0;0.00;0.00;0.00;0.000;0.000;0.00
323606;542;30/09/2021;11/04/2022;202139;202215;49;1659;20/12/2021;202151;25;25;25;1627.00;1627.00;1627.00;6.250;6.250;65.08
323606;542;30/09/2021;11/04/2022;202139;202215;49;1659;21/12/2021;202151;0;0;0;0.00;0.00;0.00;0.000;0.000;0.00
323606;542;30/09/2021;11/04/2022;202139;202215;49;1659;23/12/2021;202151;29;29;29;1887.32;1887.32;1887.32;7.250;7.250;65.08
323606;542;30/09/2021;11/04/2022;202139;202215;49;1659;24/12/2021;202151;0;0;0;0.00;0.00;0.00;0.000;0.000;0.00
323606;542;30/09/2021;11/04/2022;202139;202215;49;1659;27/12/2021;202152;65;65;65;4230.20;4230.20;4230.20;16.250;16.250;65.08
323606;542;30/09/2021;11/04/2022;202139;202215;49;1659;28/12/2021;202152;0;0;0;0.00;0.00;0.00;0.000;0.000;0.00
323606;542;30/09/2021;11/04/2022;202139;202215;49;1659;30/12/2021;202152;99;99;99;6442.92;6442.92;6442.92;24.750;24.750;65.08
323606;542;30/09/2021;11/04/2022;202139;202215;49;1659;31/12/2021;202152;0;0;0;0.00;0.00;0.00;0.000;0.000;0.00
323606;542;30/09/2021;11/04/2022;202139;202215;49;1659;03/01/2022;202201;43;43;43;2798.44;2798.44;2798.44;10.750;10.750;65.08
323606;542;30/09/2021;11/04/2022;202139;202215;49;1659;04/01/2022;202201;0;0;0;0.00;0.00;0.00;0.000;0.000;0.00
323606;542;30/09/2021;11/04/2022;202139;202215;49;1659;06/01/2022;202201;58;58;58;3774.64;3774.64;3774.64;14.500;14.500;65.08
323606;542;30/09/2021;11/04/2022;202139;202215;49;1659;07/01/2022;202201;0;0;0;0.00;0.00;0.00;0.000;0.000;0.00
323606;542;30/09/2021;11/04/2022;202139;202215;49;1659;10/01/2022;202202;26;26;26;1692.08;1692.08;1692.08;6.500;6.500;65.08
323606;542;30/09/2021;11/04/2022;202139;202215;49;1659;11/01/2022;202202;0;0;0;0.00;0.00;0.00;0.000;0.000;0.00
323606;542;30/09/2021;11/04/2022;202139;202215;49;1659;13/01/2022;202202;31;31;31;2017.48;2017.48;2017.48;7.750;7.750;65.08
323606;542;30/09/2021;11/04/2022;202139;202215;49;1659;14/01/2022;202202;0;0;0;0.00;0.00;0.00;0.000;0.000;0.00
323606;542;30/09/2021;11/04/2022;202139;202215;49;1659;27/01/2022;202204;60;60;60;3904.80;3904.80;3904.80;15.000;15.000;65.08
323606;542;30/09/2021;11/04/2022;202139;202215;49;1659;28/01/2022;202204;0;0;0;0.00;0.00;0.00;0.000;0.000;0.00
323606;542;30/09/2021;11/04/2022;202139;202215;49;1659;30/01/2022;202204;0;0;0;0.00;0.00;0.00;0.000;0.000;0.00
323606;542;30/09/2021;11/04/2022;202139;202215;49;1659;31/01/2022;202205;45;45;45;2928.60;2928.60;2928.60;11.250;11.250;65.08
323606;542;30/09/2021;11/04/2022;202139;202215;49;1659;01/02/2022;202205;0;0;0;0.00;0.00;0.00;0.000;0.000;0.00
323606;542;30/09/2021;11/04/2022;202139;202215;49;1659;03/02/2022;202205;22;22;22;1519.32;1519.32;1519.32;5.500;5.500;69.06
323606;542;30/09/2021;11/04/2022;202139;202215;49;1659;04/02/2022;202205;0;0;0;0.00;0.00;0.00;0.000;0.000;0.00
323606;542;30/09/2021;11/04/2022;202139;202215;49;1659;07/02/2022;202206;6;6;6;414.36;414.36;414.36;1.500;1.500;69.06
323606;542;30/09/2021;11/04/2022;202139;202215;49;1659;08/02/2022;202206;0;0;0;0.00;0.00;0.00;0.000;0.000;0.00
323606;542;30/09/2021;11/04/2022;202139;202215;49;1659;10/02/2022;202206;58;58;58;4005.48;4005.48;4005.48;14.500;14.500;69.06
323606;542;30/09/2021;11/04/2022;202139;202215;49;1659;11/02/2022;202206;0;0;0;0.00;0.00;0.00;0.000;0.000;0.00
323606;542;30/09/2021;11/04/2022;202139;202215;49;1659;14/02/2022;202207;11;11;11;759.66;759.66;759.66;2.750;2.750;69.06
323606;542;30/09/2021;11/04/2022;202139;202215;49;1659;15/02/2022;202207;0;0;0;0.00;0.00;0.00;0.000;0.000;0.00
323606;542;30/09/2021;11/04/2022;202139;202215;49;1659;17/02/2022;202207;38;38;38;2624.28;2624.28;2624.28;9.500;9.500;69.06
323606;542;30/09/2021;11/04/2022;202139;202215;49;1659;18/02/2022;202207;0;0;0;0.00;0.00;0.00;0.000;0.000;0.00
323606;542;30/09/2021;11/04/2022;202139;202215;49;1659;21/02/2022;202208;28;28;28;1933.68;1933.68;1933.68;7.000;7.000;69.06
323606;542;30/09/2021;11/04/2022;202139;202215;49;1659;22/02/2022;202208;0;0;0;0.00;0.00;0.00;0.000;0.000;0.00
323606;542;30/09/2021;11/04/2022;202139;202215;49;1659;24/02/2022;202208;15;15;15;1035.90;1035.90;1035.90;3.750;3.750;69.06
323606;542;30/09/2021;11/04/2022;202139;202215;49;1659;25/02/2022;202208;0;0;0;0.00;0.00;0.00;0.000;0.000;0.00
323606;542;30/09/2021;11/04/2022;202139;202215;49;1659;28/02/2022;202209;23;23;23;1588.38;1588.38;1588.38;5.750;5.750;69.06
323606;542;30/09/2021;11/04/2022;202139;202215;49;1659;01/03/2022;202209;0;0;0;0.00;0.00;0.00;0.000;0.000;0.00
323606;542;30/09/2021;11/04/2022;202139;202215;49;1659;03/03/2022;202209;62;62;62;4281.72;4281.72;4281.72;15.500;15.500;69.06
323606;542;30/09/2021;11/04/2022;202139;202215;49;1659;04/03/2022;202209;0;0;0;0.00;0.00;0.00;0.000;0.000;0.00
323606;542;30/09/2021;11/04/2022;202139;202215;49;1659;10/03/2022;202210;7;7;7;483.42;483.42;483.42;1.750;1.750;69.06
323606;542;30/09/2021;11/04/2022;202139;202215;49;1659;11/03/2022;202210;0;0;0;0.00;0.00;0.00;0.000;0.000;0.00
323606;542;30/09/2021;11/04/2022;202139;202215;49;1659;14/03/2022;202211;20;20;20;1381.20;1381.20;1381.20;5.000;5.000;69.06
323606;542;30/09/2021;11/04/2022;202139;202215;49;1659;15/03/2022;202211;0;0;0;0.00;0.00;0.00;0.000;0.000;0.00
323606;542;30/09/2021;11/04/2022;202139;202215;49;1659;17/03/2022;202211;33;33;33;2278.98;2278.98;2278.98;8.250;8.250;69.06
323606;542;30/09/2021;11/04/2022;202139;202215;49;1659;18/03/2022;202211;0;0;0;0.00;0.00;0.00;0.000;0.000;0.00
323606;542;30/09/2021;11/04/2022;202139;202215;49;1659;21/03/2022;202212;15;15;15;1035.90;1035.90;1035.90;3.750;3.750;69.06
323606;542;30/09/2021;11/04/2022;202139;202215;49;1659;22/03/2022;202212;0;0;0;0.00;0.00;0.00;0.000;0.000;0.00
323606;542;30/09/2021;11/04/2022;202139;202215;49;1659;28/03/2022;202213;4;4;4;276.24;276.24;276.24;1.000;1.000;69.06
323606;542;30/09/2021;11/04/2022;202139;202215;49;1659;29/03/2022;202213;0;0;0;0.00;0.00;0.00;0.000;0.000;0.00
323606;542;30/09/2021;11/04/2022;202139;202215;49;1659;31/03/2022;202213;19;19;19;1312.14;1312.14;1312.14;4.750;4.750;69.06
323606;542;30/09/2021;11/04/2022;202139;202215;49;1659;01/04/2022;202213;0;0;0;0.00;0.00;0.00;0.000;0.000;0.00
323606;542;30/09/2021;11/04/2022;202139;202215;49;1659;04/04/2022;202214;25;25;25;1726.50;1726.50;1726.50;6.250;6.250;69.06
323606;542;30/09/2021;11/04/2022;202139;202215;49;1659;05/04/2022;202214;0;0;0;0.00;0.00;0.00;0.000;0.000;0.00
323606;542;30/09/2021;11/04/2022;202139;202215;49;1659;07/04/2022;202214;19;19;19;1312.14;1312.14;1312.14;4.750;4.750;69.06
323606;542;30/09/2021;11/04/2022;202139;202215;49;1659;08/04/2022;202214;0;0;0;0.00;0.00;0.00;0.000;0.000;0.00
323606;542;30/09/2021;11/04/2022;202139;202215;49;1659;09/04/2022;202214;0;0;0;0.00;0.00;0.00;0.000;0.000;0.00
323606;542;30/09/2021;11/04/2022;202139;202215;49;1659;11/04/2022;202215;39;39;39;2693.34;2693.34;2693.34;9.750;9.750;69.06
